﻿<?xml version="1.0" encoding="utf-8" ?>
<ListViewProfile xmlns:xsi="http://www.w3.org/2001/XMLSchema-instance" xmlns:xsd="http://www.w3.org/2001/XMLSchema">
	<Id>ChildOrganizations</Id>
	<Name>Child Organizations</Name>
	<IsSystem>true</IsSystem>
	<IsPublic>true</IsPublic>
	<FieldSet>
		<string>Name</string>
		<string>Telephone1</string>
		<string>EMailAddress1</string>
	</FieldSet>
	<GroupByFieldName></GroupByFieldName>
	<Filters>
		<FilterElement>
			<Source>ParentId</Source>
			<Type>Equal</Type>
			<Value xsi:type="xsd:string">{QueryString:ObjectId}</Value>
			<ValueIsTemplate>true</ValueIsTemplate>
		</FilterElement>
	</Filters>
	<ColumnsUI>
		<Column field="Name" width="40%" />
		<Column field="Telephone1" width="30%" />
		<Column field="EMailAddress1" width="30%" />
	</ColumnsUI>
</ListViewProfile>