﻿<?xml version="1.0" encoding="utf-8"?>
<tables>
	<table name="AlertTemplates" />
	<table name="Articles" />
	<table name="BasePlanSlot" />
	<table name="BroadcastMessages" />
	<table name="BusinessScore" />
	<table name="CATEGORIES" />
	<table name="CONTENT_TYPES" />
	<table name="CURRENCY" />
	<table name="DefaultIncidentField" />
	<table name="DocumentsEx" />
	<table name="DocumentsEx_History" />
	<table name="EMailIncidentMapping" />
	<table name="EMailMessageAntiSpamItem" />
	<table name="EMailMessageAntiSpamRule" />
	<table name="EMailMessageLog" />
	<table name="EMailMessageLogSettings" />
	<table name="EmailMessageSmtpQueue" />
	<table name="EMailRouterPop3Box" />
	<table name="EventsEx" />
	<table name="EventsEx_History" />
	<table name="fsc_Directories" />
	<table name="fsc_FileBinaries" />
	<table name="fsc_ForeignContainerKeys" />
	<table name="fsc_Forums" />
	<table name="fsc_Locks" />
	<table name="fsc_ReportCategories" />
	<table name="fsc_UserRoles" />
	<table name="INCIDENT_CATEGORIES" />
	<table name="INCIDENT_SEVERITY" />
	<table name="INCIDENT_TYPES" />
	<table name="IncidentBox" />
	<table name="IncidentBoxRuleFunction" />
	<table name="IncidentsEx" />
	<table name="IncidentsEx_History" />
	<table name="LdapSettings" />
	<table name="LISTINFO_ACCESS" copy="0" />
	<table name="LocalAddressRanges" />
	<table name="MESSAGE_LOG" />
	<table name="MetaAttribute" />
	<table name="MetaClass" />
	<table name="MetaDataType" />
	<table name="MetaKey" />
	<table name="MetaObjectValue" />
	<table name="MetaRule" />
	<table name="MetaStringDictionaryValue" />
	<table name="mf_Forum" />
	<table name="ORGANIZATIONS" />
	<table name="OrganizationsEx" />
	<table name="OrganizationsEx_History" />
	<table name="page_ControlProperties" />
	<table name="POP3_INCIDENTS" />
	<table name="Pop3Boxes" />
	<table name="PortalConfig" />
	<table name="PortfolioEx" />
	<table name="PortfolioEx_History" />
	<table name="PRINCIPALS" where="PrincipalId &gt; 9" />
	<table name="PROJECT_CATEGORIES" />
	<table name="PROJECT_PHASES" />
	<table name="RISK_LEVELS" />
	<table name="ScheduleProcessHandlerTempItems" />
	<table name="SmtpOutputMessage" />
	<table name="SmtpSettings" />
	<table name="SqlFileStorage" />
	<table name="TASK_UPDATES" />
	<table name="TaskEx" />
	<table name="TaskEx_History" />
	<table name="TodoEx" />
	<table name="TodoEx_History" />
	<table name="UsersEx" />
	<table name="UsersEx_History" />
	<table name="WSSettings" />
	<table name="CALENDARS" />
	<table name="CONTAINERSHIP" where="PrincipalId &gt; 9" />
	<table name="DATE_TYPES" />
	<table name="DOCUMENT_STATUS" />
	<table name="EMailMessage" />
	<table name="EMailRouterPop3BoxActivity" />
	<table name="fsc_AccessControlLists" />
	<table name="fsc_Files" />
	<table name="fsc_ForumThreads" />
	<table name="fsc_Reports" />
	<table name="GROUPS" where="PrincipalId &gt; 9" />
	<table name="IncidentBoxRule" />
	<table name="LdapFields" />
	<table name="LdapSyncLogs" />
	<table name="MetaField" />
	<table name="MetaFileValue" />
	<table name="MetaMultiValueDictionary" />
	<table name="mf_ForumNode" />
	<table name="OBJECT_CATEGORY" />
	<table name="OBJECT_FORMS" />
	<table name="OBJECT_ROLES" />
	<table name="Pop3BoxParameters" />
	<table name="Pop3BoxPop3DocumentHandler" />
	<table name="Pop3MailRequests" />
	<table name="Pop3MessageUIds" />
	<table name="RECURRENCE" />
	<table name="Tags" />
	<table name="USERS" />
	<table name="VCard" />
	<table name="ActualFinances" />
	<table name="BroadcastRecipients" />
	<table name="CAL_EXCEPTIONS" />
	<table name="CAL_WEEKDAYS" />
	<table name="CATEGORY_USER" />
	<table name="COLLAPSED_DOCUMENTS" />
	<table name="COLLAPSED_DOCUMENTS_BYCLIENT" copy="0" />
	<table name="COLLAPSED_INCIDENTS" />
	<table name="COLLAPSED_INCIDENTS_BYCLIENT" copy="0" />
	<table name="COLLAPSED_PROJECTS_BYCLIENT" copy="0" />
	<table name="COLLAPSED_TODO_BYCLIENT" copy="0" />
	<table name="DATE_TYPE_HOOKS" />
	<table name="DATE_TYPE_VALUES" />
	<table name="DISCUSSIONS" />
	<table name="EMAILS" />
	<table name="EXTERNAL_GATE" />
	<table name="FAVORITES" />
	<table name="fsc_AccessControlEntries" />
	<table name="fsc_Files_History" />
	<table name="fsc_ForumThreadNodes" />
	<table name="fsc_ReportAccessControlLists" />
	<table name="HISTORY" />
	<table name="INCIDENTCATEGORY_USER" />
	<table name="LdapSyncFields" />
	<table name="ManualAssignEMailMessage" />
	<table name="MetaClassMetaFieldRelation" />
	<table name="MetaDictionary" />
	<table name="PARTNER_GROUP" />
	<table name="PendingEMailMessage" />
	<table name="PORTAL_LOGINS" />
	<table name="PROJECT_GROUPS" />
	<table name="PROJECT_TEMPLATES" />
	<table name="PROJECTCATEGORY_USER" />
	<table name="PROJECTS" />
	<table name="Report" />
	<table name="SCHEDULE" />
	<table name="SHARING" />
	<table name="STUBS" />
	<table name="SUBSCRIPTIONS" />
	<table name="SYSTEM_EVENTS" />
	<table name="USER_DETAILS" />
	<table name="USER_GROUP" />
	<table name="USER_PREFERENCES" />
	<table name="USER_SETTINGS" />
	<table name="VCardAddress" />
	<table name="VCardEMail" />
	<table name="VCardName" />
	<table name="VCardOrganization" />
	<table name="VCardPhoto" />
	<table name="VCardTelephone" />
	<table name="ACCOUNTS" />
	<table name="BusinessScoreData" />
	<table name="CAL_EXCEPTION_HOURS" />
	<table name="DATE_TYPE_PROCESSED" />
	<table name="DOCUMENTS" />
	<table name="EVENTS" />
	<table name="fsc_ForumThreadNodeSettings" />
	<table name="fsc_ReportAccessControlEntries" />
	<table name="HIDDEN_STUBS" />
	<table name="INCIDENTS" />
	<table name="PROJECT_CATEGORY" />
	<table name="PROJECT_GROUP" />
	<table name="PROJECT_MEMBERS" />
	<table name="PROJECT_RELATIONS" />
	<table name="PROJECT_SNAPSHOTS" />
	<table name="ProjectBasePlanInfo" />
	<table name="PROJECTGROUP_USER" />
	<table name="ProjectSpreadSheet" />
	<table name="ProjectTaskBasePlan" />
	<table name="REMINDER_SUBSCRIPTIONS" />
	<table name="ReportHistory" />
	<table name="STUB_GROUP" />
	<table name="SUBSCRIPTION_DETAILS" />
	<table name="SYSTEM_EVENT_RECIPIENTS" />
	<table name="TASKS" />
	<table name="TODO" />
	<table name="ACTUAL_FINANCES" />
	<table name="COLLAPSED_ACCOUNTS" />
	<table name="COLLAPSED_TASKS" />
	<table name="DOCUMENT_RESOURCES" />
	<table name="DOCUMENT_TODO" />
	<table name="EMailIssueExternalRecipient" />
	<table name="EVENT_REMINDER" />
	<table name="EVENT_RESOURCES" />
	<table name="INCIDENT_CATEGORY" />
	<table name="INCIDENT_NEWMESSAGE" />
	<table name="INCIDENT_RELATIONS" />
	<table name="INCIDENT_RESOURCES" />
	<table name="INCIDENT_TODO" />
	<table name="IncidentUserTicket" />
	<table name="ProjectSpreadSheetData" />
	<table name="TASK_LINKS" />
	<table name="TASK_RESOURCES" />
	<table name="TASK_TODO" />
	<table name="TODO_LINKS" copy="0"  />
	<table name="TODO_RESOURCES" />
	<table name="cls_Principal" copy="0" where="PrincipalId &gt; 9" />
</tables>
