﻿<?xml version="1.0" encoding="utf-8" ?>
<DynamicControlInfo xmlns:xsi="http://www.w3.org/2001/XMLSchema-instance" xmlns:xsd="http://www.w3.org/2001/XMLSchema">
	<Uid>83B6457E-85CA-44ff-8130-02CE08A19246</Uid>
	<Title>{IbnFramework.Global:_mc_HelpInfo}</Title>
	<Description>{IbnFramework.Global:_mc_HelpInfoDescription}</Description>
	<Path>~/Apps/IbnCommon/WidgetControls/Assistant.ascx</Path>
	<Category>5886F150-8CFD-4808-9560-5BD3F7EBEB1D</Category>
	<IconPath>~/Images/IbnFramework/help_we.png</IconPath>
</DynamicControlInfo>