﻿<?xml version="1.0" encoding="utf-8" ?>
<DynamicControlInfo xmlns:xsi="http://www.w3.org/2001/XMLSchema-instance" xmlns:xsd="http://www.w3.org/2001/XMLSchema">
	<Uid>CF497382-2A12-4d0b-AED4-ADFB6131D610</Uid>
	<Title>{IbnFramework.Global:_mc_BPMAssignments}</Title>
	<Description>{IbnFramework.Global:_mc_BPMAssignments_Description}</Description>
	<Path>~/Apps/IbnCommon/WidgetControls/MyBPMAssignments.ascx</Path>
	<Category>5886F150-8CFD-4808-9560-5BD3F7EBEB1D</Category>
</DynamicControlInfo>
