﻿<?xml version="1.0" encoding="utf-8" ?>
<DynamicControlInfo xmlns:xsi="http://www.w3.org/2001/XMLSchema-instance" xmlns:xsd="http://www.w3.org/2001/XMLSchema">
	<Uid>DD7E8264-EEF6-44f9-B789-36D242872448</Uid>
	<Title>{IbnFramework.Global:_mc_RssNews}</Title>
	<Description>{IbnFramework.Global:_mc_RssNewsDescription}</Description>
	<Path>~/Apps/IbnCommon/WidgetControls/MCNews.ascx</Path>
	<Category>5886F150-8CFD-4808-9560-5BD3F7EBEB1D</Category>
	<IconPath>~/Images/IbnFramework/rssBig.png</IconPath>
</DynamicControlInfo>