﻿<?xml version="1.0" encoding="utf-8" ?>
<DynamicControlInfo xmlns:xsi="http://www.w3.org/2001/XMLSchema-instance" xmlns:xsd="http://www.w3.org/2001/XMLSchema">
	<Uid>AA6F05A5-8F2F-4227-AAAF-75A74F4A3432</Uid>
	<Title>{IbnFramework.Global:_mc_OutActivities}</Title>
	<Description>{IbnFramework.Global:_mc_OutActivitiesDescription}</Description>
	<Path>~/Apps/IbnCommon/WidgetControls/OutActivities.ascx</Path>
	<PropertyPagePath>~/Apps/IbnCommon/WidgetControls/InActivitiesPropertyPage.ascx</PropertyPagePath>
	<Category>5886F150-8CFD-4808-9560-5BD3F7EBEB1D</Category>
</DynamicControlInfo>