<tables>
	<table name="AlertTemplates" />
	<table name="BroadcastMessages" />
	<table name="CATEGORIES" />
	<table name="CLIENTS" delete="0" />
	<table name="CONTENT_TYPES" />
	<table name="CURRENCY" />
	<table name="EventsEx" />
	<table name="EventsEx_History" />
	<table name="fsc_Directories" />
	<table name="fsc_ForeignContainerKeys" />
	<table name="fsc_Forums" />
	<table name="fsc_ReportCategories" />
	<table name="fsc_UserRoles" />
	<table name="INCIDENT_CATEGORIES" />
	<table name="INCIDENT_SEVERITY" />
	<table name="INCIDENT_TYPES" />
	<table name="LIST_TYPES" />
	<table name="MESSAGE_LOG" />
	<table name="MetaAttribute" />
	<table name="MetaClass" />
	<table name="MetaDataType" />
	<table name="MetaKey" />
	<table name="MetaObjectValue" />
	<table name="MetaRule" />
	<table name="MetaStringDictionaryValue" />
	<table name="ORGANIZATIONS" copy="0" />
	<table name="page_ControlProperties" />
	<table name="POP3_INCIDENTS" />
	<table name="Pop3Boxes" />
	<table name="PRINCIPALS" />
	<table name="PROJECT_CATEGORIES" />
	<table name="PROJECT_PHASES" />
	<table name="RISK_LEVELS" />
	<table name="ScheduleProcessHandlerTempItems" />
	<table name="TASK_UPDATES" />
	<table name="TIMESHEET_TODO" />
	<table name="CALENDARS" />
	<table name="CONTAINERSHIP" />
	<table name="DATE_TYPES" />
	<table name="DOCUMENT_STATUS" />
	<table name="fsc_AccessControlLists" />
	<table name="fsc_FileBinaries" />
	<table name="fsc_ForumThreads" />
	<table name="fsc_Reports" />
	<table name="GROUPS" />
	<table name="MetaField" />
	<table name="MetaFileValue" />
	<table name="MetaMultiValueDictionary" />
	<table name="OBJECT_CATEGORY" />
	<table name="OBJECT_FORMS" />
	<table name="Pop3BoxParameters" />
	<table name="Pop3BoxPop3DocumentHandler" />
	<table name="Pop3MailRequests" />
	<table name="Pop3MessageUIds" />
	<table name="RECURRENCE" />
	<table name="USERS" />
	<table name="VCard" copy="0" />
	<table name="BroadcastRecipients" />
	<table name="CAL_EXCEPTIONS" />
	<table name="CAL_WEEKDAYS" />
	<table name="CATEGORY_USER" />
	<table name="COLLAPSED_DOCUMENTS" />
	<table name="COLLAPSED_INCIDENTS" />
	<table name="COLLAPSED_MANAGERTIMESHEETS" />
	<table name="COLLAPSED_USERTIMESHEETS" />
	<table name="DATE_TYPE_HOOKS" />
	<table name="DATE_TYPE_VALUES" />
	<table name="DISCUSSIONS" />
	<table name="EMAILS" />
	<table name="EXTERNAL_GATE" />
	<table name="FAVORITES" />
	<table name="fsc_AccessControlEntries" />
	<table name="fsc_Files" />
	<table name="fsc_ForumThreadNodes" />
	<table name="fsc_ReportAccessControlLists" />
	<table name="HISTORY" />
	<table name="IncidentBox" copy="0" />
	<table name="INCIDENTCATEGORY_USER" />
	<table name="MetaClassMetaFieldRelation" />
	<table name="MetaDictionary" />
	<table name="PARTNER_GROUP" />
	<table name="PORTAL_LOGINS" />
	<table name="PROJECT_GROUPS" />
	<table name="PROJECT_TEMPLATES" />
	<table name="PROJECTCATEGORY_USER" />
	<table name="PROJECTS" />
	<table name="Report" />
	<table name="SCHEDULE" />
	<table name="SHARING" />
	<table name="STUBS" />
	<table name="SUBSCRIPTIONS" where="EventTypeId!=406" />
	<table name="SYSTEM_EVENTS" />
	<table name="USER_GROUP" />
	<table name="USER_PREFERENCES" />
	<table name="USER_SETTINGS" />
	<table name="VCardAddress" copy="0" />
	<table name="VCardEMail" copy="0" />
	<table name="VCardName" copy="0" />
	<table name="VCardOrganization" copy="0" />
	<table name="VCardPhoto" copy="0" />
	<table name="VCardTelephone" copy="0" />
	<table name="ACCOUNTS" />
	<table name="CAL_EXCEPTION_HOURS" />
	<table name="DATE_TYPE_PROCESSED" />
	<table name="DOCUMENTS" />
	<table name="EVENTS" />
	<table name="fsc_Files_History" />
	<table name="fsc_ReportAccessControlEntries" />
	<table name="HIDDEN_STUBS" />
	<table name="INCIDENTS" copy="0" />
	<table name="LIST_FOLDERS" />
	<table name="PROJECT_CATEGORY" />
	<table name="PROJECT_GROUP" />
	<table name="PROJECT_MEMBERS" />
	<table name="PROJECT_RELATIONS" />
	<table name="PROJECT_SNAPSHOTS" />
	<table name="PROJECTGROUP_USER" />
	<table name="REMINDER_SUBSCRIPTIONS" />
	<table name="ReportHistory" />
	<table name="STUB_GROUP" />
	<table name="SUBSCRIPTION_DETAILS" />
	<table name="SYSTEM_EVENT_RECIPIENTS" />
	<table name="TASKS" />
	<table name="TODO" />
	<table name="USER_DETAILS" />
	<table name="USER_PROJECT_TEAM" />
	<table name="WeekTimeSheet" />
	<table name="ACTUAL_FINANCES" />
	<table name="COLLAPSED_ACCOUNTS" />
	<table name="COLLAPSED_TASKS" />
	<table name="DOCUMENT_RESOURCES" />
	<table name="DOCUMENT_TODO" />
	<table name="EVENT_REMINDER" />
	<table name="EVENT_RESOURCES" />
	<table name="INCIDENT_CATEGORY" pass="2" />
	<table name="INCIDENT_RELATIONS" pass="2" />
	<table name="INCIDENT_RESOURCES" pass="2" />
	<table name="INCIDENT_TODO" pass="2" />
	<table name="LISTS" />
	<table name="TASK_LINKS" />
	<table name="TASK_RESOURCES" />
	<table name="TASK_TODO" />
	<table name="TODO_RESOURCES" />
	<table name="LIST_ACCESS" />
	<table name="LIST_ITEMS" />
	<table name="TIMESHEETS" />
</tables>