﻿<?xml version="1.0"?>
<Table xmlns:xsi="http://www.w3.org/2001/XMLSchema-instance" xmlns:xsd="http://www.w3.org/2001/XMLSchema" width="100%" columns="50%;*" cellPadding="5" xmlns="TableLayout">
	<Row>
		<Cell colSpan="2" name="cell_11">
			<Section uid="e4778d5c2d6040a3bd0e26116512934c" borderType="1" showLabel="true" itemIndex="1">
				<Labels>
					<Label title="{IbnFramework.Client:Contact}" code="ru-RU" />
				</Labels>
				<Control controlType="SmartTableLayout" width="100%" uid="7af334bd4be74a5fad7b4746ee7467f7" cellPadding="5" columns="50%;*">
					<Item rowIndex="1" cellIndex="1" rowSpan="1" colSpan="1" borderType="0" showLabel="true" labelWidth="120px" uid="d4dab11f4074435795e7d9fc0a8ba297">
						<Labels>
							<Label title="[MC_DefaultLabel]" code="ru-RU" />
						</Labels>
						<Control controlType="MetaPrimitive" source="FullName" readOnly="False" uid="49bd64177aa144c6a8b5d2a5847ff63e" />
					</Item>
					<Item rowIndex="1" cellIndex="2" rowSpan="1" colSpan="1" borderType="0" showLabel="true" labelWidth="150px" uid="9641dc70faa94a2e9041ff30f9f75ff6">
						<Labels>
							<Label title="[MC_DefaultLabel]" code="ru-RU" />
						</Labels>
						<Control controlType="MetaPrimitive" source="Gender" readOnly="False" uid="0a46501a728c400293eef59ba824cd32" />
					</Item>
					<Item rowIndex="2" cellIndex="1" rowSpan="1" colSpan="1" borderType="0" showLabel="true" labelWidth="120px" uid="2a8cf55de94d4a84bd566f4a848d5adc">
						<Labels>
							<Label title="[MC_DefaultLabel]" code="ru-RU" />
						</Labels>
						<Control controlType="MetaPrimitive" source="LastName" readOnly="False" uid="6c2459511b10424ead604e66aa040094" />
					</Item>
					<Item rowIndex="2" cellIndex="2" rowSpan="1" colSpan="1" borderType="0" showLabel="true" labelWidth="150px" uid="b5774a41a4f04747a31896ed7c62040d">
						<Labels>
							<Label title="[MC_DefaultLabel]" code="ru-RU" />
						</Labels>
						<Control controlType="MetaPrimitive" source="Telephone1" readOnly="False" uid="fba216e04963407e9c8facd087a1c0b1" />
					</Item>
					<Item rowIndex="3" cellIndex="1" rowSpan="1" colSpan="1" borderType="0" showLabel="true" labelWidth="120px" uid="f52b8b85aba94e18addfb67621ea2835">
						<Labels>
							<Label title="[MC_DefaultLabel]" code="ru-RU" />
						</Labels>
						<Control controlType="MetaPrimitive" source="FirstName" readOnly="False" uid="9558ebd6c1924f0489a6ac9d763a302a" />
					</Item>
					<Item rowIndex="3" cellIndex="2" rowSpan="1" colSpan="1" borderType="0" showLabel="true" labelWidth="150px" uid="4e77e502abfe44b6b76e34821de4f4c1">
						<Labels>
							<Label title="[MC_DefaultLabel]" code="ru-RU" />
						</Labels>
						<Control controlType="MetaPrimitive" source="Telephone2" readOnly="False" uid="3e4ffa59b61f4a5b9b833443005cc236" />
					</Item>
					<Item rowIndex="4" cellIndex="1" rowSpan="1" colSpan="1" borderType="0" showLabel="true" labelWidth="120px" uid="c4b0ab8643664c3d9b4da16c528ff365">
						<Labels>
							<Label title="[MC_DefaultLabel]" code="ru-RU" />
						</Labels>
						<Control controlType="MetaPrimitive" source="MiddleName" readOnly="False" uid="94c45f3e9fde4af8badb2fb537ab9af4" />
					</Item>
					<Item rowIndex="4" cellIndex="2" rowSpan="1" colSpan="1" borderType="0" showLabel="true" labelWidth="150px" uid="57bcf952162844ba9c189b55d1cec2e2">
						<Labels>
							<Label title="[MC_DefaultLabel]" code="ru-RU" />
						</Labels>
						<Control controlType="MetaPrimitive" source="Telephone3" readOnly="False" uid="b0a5e8dd9ded4035ba31ac4be40e21b6" />
					</Item>
					<Item rowIndex="5" cellIndex="1" rowSpan="1" colSpan="1" borderType="0" showLabel="true" labelWidth="120px" uid="e39706eb1fab4d9cabadc01190e5050b">
						<Labels>
							<Label title="[MC_DefaultLabel]" code="ru-RU" />
						</Labels>
						<Control controlType="MetaPrimitive" source="NickName" readOnly="False" uid="343be4d46bc24485ae3a0987bbac480d" />
					</Item>
					<Item rowIndex="5" cellIndex="2" rowSpan="1" colSpan="1" borderType="0" showLabel="true" labelWidth="150px" uid="9f9d8ecb6bb645d995974156ec2d08de">
						<Labels>
							<Label title="[MC_DefaultLabel]" code="ru-RU" />
						</Labels>
						<Control controlType="MetaPrimitive" source="MobilePhone" readOnly="False" uid="da0408f4c3fd4fb8a9d2ad3aee721c05" />
					</Item>
					<Item rowIndex="6" cellIndex="1" rowSpan="1" colSpan="1" borderType="0" showLabel="true" labelWidth="120px" uid="0755bdc744d84d4a87023fd5a4ae98a4">
						<Labels>
							<Label title="[MC_DefaultLabel]" code="ru-RU" />
						</Labels>
						<Control controlType="MetaPrimitive" source="BirthDate" readOnly="False" uid="4f31d701875e49feb93db4e2ef5bce3a" />
					</Item>
					<Item rowIndex="6" cellIndex="2" rowSpan="1" colSpan="1" borderType="0" showLabel="true" labelWidth="150px" uid="408b7855c3954424bb7d8c269d5b5d88">
						<Labels>
							<Label title="[MC_DefaultLabel]" code="ru-RU" />
						</Labels>
						<Control controlType="MetaPrimitive" source="Fax" readOnly="False" uid="f310771c3a9e494da08e2357ab8d34a4" />
					</Item>
					<Item rowIndex="7" cellIndex="1" rowSpan="1" colSpan="1" borderType="0" showLabel="true" labelWidth="120px" uid="71b45bf6f42a487cb0e3616d9fc0af09">
						<Labels>
							<Label title="[MC_DefaultLabel]" code="ru-RU" />
						</Labels>
						<Control controlType="MetaPrimitive" source="OrganizationId" readOnly="False" uid="a5a66f7c8fdf4608a3cf12b0c801c28c" />
					</Item>
					<Item rowIndex="7" cellIndex="2" rowSpan="1" colSpan="1" borderType="0" showLabel="true" labelWidth="150px" uid="974a6fa5e6ed4f02a56eeaa14f0b4c0b">
						<Labels>
							<Label title="[MC_DefaultLabel]" code="ru-RU" />
						</Labels>
						<Control controlType="MetaPrimitive" source="EMailAddress1" readOnly="False" uid="585bc9940e214e7e91310cdd3a0836a8" />
					</Item>
					<Item rowIndex="8" cellIndex="1" rowSpan="1" colSpan="1" borderType="0" showLabel="true" labelWidth="120px" uid="9038a39097bd428885c52250e6776ed0">
						<Labels>
							<Label title="[MC_DefaultLabel]" code="ru-RU" />
						</Labels>
						<Control controlType="MetaPrimitive" source="OrganizationUnit" readOnly="False" uid="b7e52b433f4d48c5bd3e3235e8bd6049" />
					</Item>
					<Item rowIndex="8" cellIndex="2" rowSpan="1" colSpan="1" borderType="0" showLabel="true" labelWidth="150px" uid="9d603f2722c54eb79c608a4178ff9055">
						<Labels>
							<Label title="[MC_DefaultLabel]" code="ru-RU" />
						</Labels>
						<Control controlType="MetaPrimitive" source="EMailAddress2" readOnly="False" uid="a85f10f2d8a54d2c93f73d5ef04467ef" />
					</Item>
					<Item rowIndex="9" cellIndex="1" rowSpan="1" colSpan="1" borderType="0" showLabel="true" labelWidth="120px" uid="2092a1760ef449c9abf34c99f2b4ed06">
						<Labels>
							<Label title="[MC_DefaultLabel]" code="ru-RU" />
						</Labels>
						<Control controlType="MetaPrimitive" source="JobTitle" readOnly="False" uid="29498c6758904eff8f68216931c14df0" />
					</Item>
					<Item rowIndex="9" cellIndex="2" rowSpan="1" colSpan="1" borderType="0" showLabel="true" labelWidth="150px" uid="ef6ca5653e29489399966e8463f4928c">
						<Labels>
							<Label title="[MC_DefaultLabel]" code="ru-RU" />
						</Labels>
						<Control controlType="MetaPrimitive" source="EMailAddress3" readOnly="False" uid="b7c27fc87da148cbb08728f3a5b1aaa2" />
					</Item>
					<Item rowIndex="10" cellIndex="1" rowSpan="1" colSpan="1" borderType="0" showLabel="true" labelWidth="120px" uid="0f3b19324ab046239f1b7367c79f556b">
						<Labels>
							<Label title="[MC_DefaultLabel]" code="ru-RU" />
						</Labels>
						<Control controlType="MetaPrimitive" source="Role" readOnly="False" uid="ead078f6ad1d4a5ebaf8f4daeb041091" />
					</Item>
					<Item rowIndex="10" cellIndex="2" rowSpan="1" colSpan="1" borderType="0" showLabel="true" labelWidth="150px" uid="139bfb70335146eca73db63c4af3d525">
						<Labels>
							<Label title="[MC_DefaultLabel]" code="ru-RU" />
						</Labels>
						<Control controlType="MetaPrimitive" source="WebSiteUrl" readOnly="False" uid="469e3b760aa348b48e4a5a6baf4cd581" />
					</Item>
					<Item rowIndex="11" cellIndex="1" rowSpan="1" colSpan="2" borderType="0" showLabel="true" labelWidth="120px" uid="36ee31fc2f7e4929ac233ed541c92c7e">
						<Labels>
							<Label title="[MC_DefaultLabel]" code="ru-RU" />
						</Labels>
						<Control controlType="MetaPrimitive" source="Description" readOnly="False" uid="3c8bc803c9b24a31b5f640a74fb4c779" />
					</Item>
				</Control>
			</Section>
			<Section uid="c05e626bf1eb4b9d94cdba2102e58bd7" borderType="1" showLabel="true" itemIndex="2">
				<Labels>
					<Label title="{IbnFramework.Client:Address}" code="ru-RU" />
				</Labels>
				<Control controlType="SmartTableLayout" width="100%" uid="24eb347c51bc47c686d515b5b27a6ff8" cellPadding="5" columns="50%;*">
					<Item rowIndex="1" cellIndex="1" rowSpan="1" colSpan="1" borderType="0" showLabel="true" labelWidth="120px" uid="8f9657d4d39a4ad8b9d1fb08a13f8a72">
						<Labels>
							<Label title="[MC_DefaultLabel]" code="ru-RU" />
						</Labels>
						<Control controlType="MetaPrimitive" source="Address.AddressType" readOnly="False" uid="b4133d72e59c4d0ca9d403db61bc9a3a" />
					</Item>
					<Item rowIndex="1" cellIndex="2" rowSpan="1" colSpan="1" borderType="0" showLabel="true" labelWidth="150px" uid="2970d80795484c22a2c79663aa4211cc">
						<Labels>
							<Label title="[MC_DefaultLabel]" code="ru-RU" />
						</Labels>
						<Control controlType="MetaPrimitive" source="Address.PostalCode" readOnly="False" uid="f5390e57e6bb409fa0cf4fbf5f2f26ec" />
					</Item>
					<Item rowIndex="2" cellIndex="1" rowSpan="1" colSpan="1" borderType="0" showLabel="true" labelWidth="120px" uid="0a8b3bd3530144b59cf72c1e0c04b449">
						<Labels>
							<Label title="[MC_DefaultLabel]" code="ru-RU" />
						</Labels>
						<Control controlType="MetaPrimitive" source="Address.Country" readOnly="False" uid="f28e0df1c66746d5b1cfc6a2107f33d8" />
					</Item>
					<Item rowIndex="2" cellIndex="2" rowSpan="1" colSpan="1" borderType="0" showLabel="true" labelWidth="150px" uid="2597f8ec3aa944d88d4663fcb0af402d">
						<Labels>
							<Label title="[MC_DefaultLabel]" code="ru-RU" />
						</Labels>
						<Control controlType="MetaPrimitive" source="Address.PostOfficeBox" readOnly="False" uid="fcdda9a2593d45e5b76026d7fd5227a8" />
					</Item>
					<Item rowIndex="3" cellIndex="1" rowSpan="1" colSpan="1" borderType="0" showLabel="true" labelWidth="120px" uid="d885137c59bc4ba48b6c97fa9d87e96d">
						<Labels>
							<Label title="[MC_DefaultLabel]" code="ru-RU" />
						</Labels>
						<Control controlType="MetaPrimitive" source="Address.Region" readOnly="False" uid="1450fc83526b48c5ba9ed681030446a0" />
					</Item>
					<Item rowIndex="3" cellIndex="2" rowSpan="1" colSpan="1" borderType="0" showLabel="true" labelWidth="150px" uid="8f25d9b33d5e46cfacc2e06db79a57fe">
						<Labels>
							<Label title="[MC_DefaultLabel]" code="ru-RU" />
						</Labels>
						<Control controlType="MetaPrimitive" source="Address.Telephone1" readOnly="False" uid="064c92b3ec454123b123cbcf99e89ca8" />
					</Item>
					<Item rowIndex="4" cellIndex="1" rowSpan="1" colSpan="1" borderType="0" showLabel="true" labelWidth="120px" uid="440a97404091457dbcabd016e3b6ae7f">
						<Labels>
							<Label title="[MC_DefaultLabel]" code="ru-RU" />
						</Labels>
						<Control controlType="MetaPrimitive" source="Address.City" readOnly="False" uid="fae8c782c11e46bea1aff30be552efb2" />
					</Item>
					<Item rowIndex="4" cellIndex="2" rowSpan="1" colSpan="1" borderType="0" showLabel="true" labelWidth="150px" uid="76a2ae7678d149d78ff4a5135851e8aa">
						<Labels>
							<Label title="[MC_DefaultLabel]" code="ru-RU" />
						</Labels>
						<Control controlType="MetaPrimitive" source="Address.Telephone2" readOnly="False" uid="0dffe9eb03894060824dfe6f5f92c0e9" />
					</Item>
					<Item rowIndex="5" cellIndex="1" rowSpan="1" colSpan="1" borderType="0" showLabel="true" labelWidth="120px" uid="31f85eeb1e234011ac3ddf93e310b731">
						<Labels>
							<Label title="[MC_DefaultLabel]" code="ru-RU" />
						</Labels>
						<Control controlType="MetaPrimitive" source="Address.Line1" readOnly="False" uid="e862fe3ed17e43e786b7569e592c8dff" />
					</Item>
					<Item rowIndex="5" cellIndex="2" rowSpan="1" colSpan="1" borderType="0" showLabel="true" labelWidth="150px" uid="259421b7e79e4f72baf54f3d35b7421a">
						<Labels>
							<Label title="[MC_DefaultLabel]" code="ru-RU" />
						</Labels>
						<Control controlType="MetaPrimitive" source="Address.Telephone3" readOnly="False" uid="7487d4f41a114a6b9d24d73b234bc3f6" />
					</Item>
					<Item rowIndex="6" cellIndex="1" rowSpan="1" colSpan="1" borderType="0" showLabel="true" labelWidth="120px" uid="80af6a089aef44f992591afaf3401826">
						<Labels>
							<Label title="[MC_DefaultLabel]" code="ru-RU" />
						</Labels>
						<Control controlType="MetaPrimitive" source="Address.Line2" readOnly="False" uid="97f34d4bb051414b939053aa54ea4436" />
					</Item>
					<Item rowIndex="6" cellIndex="2" rowSpan="1" colSpan="1" borderType="0" showLabel="true" labelWidth="150px" uid="90eebf9e626d4901a0aa12601c3c1ecc">
						<Labels>
							<Label title="[MC_DefaultLabel]" code="ru-RU" />
						</Labels>
						<Control controlType="MetaPrimitive" source="Address.Fax" readOnly="False" uid="909bf293199e446ebd575e9264d49e78" />
					</Item>
					<Item rowIndex="7" cellIndex="1" rowSpan="1" colSpan="1" borderType="0" showLabel="true" labelWidth="120px" uid="af45c3bc925541379074c225e3effd44">
						<Labels>
							<Label title="[MC_DefaultLabel]" code="ru-RU" />
						</Labels>
						<Control controlType="MetaPrimitive" source="Address.Line3" readOnly="False" uid="d27c8be32ee64ca084cee49b4d70c1b1" />
					</Item>
				</Control>
			</Section>
		</Cell>
	</Row>
	<Row>
		<Cell colSpan="1" name="cell_21" />
		<Cell colSpan="1" name="cell_22" />
	</Row>
	<Row>
		<Cell colSpan="2" name="cell_31" />
	</Row>
</Table>