﻿<?xml version="1.0"?>
<Table xmlns:xsi="http://www.w3.org/2001/XMLSchema-instance" xmlns:xsd="http://www.w3.org/2001/XMLSchema" width="100%" columns="50%;*" cellPadding="5" xmlns="TableLayout">
	<Row>
		<Cell colSpan="2" name="cell_11">
			<Section uid="899560a962a04612adbe7569a55e933c" borderType="1" showLabel="true" itemIndex="1">
				<Labels>
					<Label title="{IbnFramework.Client:Organization}" code="ru-RU" />
				</Labels>
				<Control controlType="SmartTableLayout" width="100%" uid="b418f39c92f74e1e8cff42596725374c" cellPadding="5" columns="50%;*">
					<Item rowIndex="1" cellIndex="1" rowSpan="1" colSpan="1" borderType="0" showLabel="true" labelWidth="120px" uid="28652896e6444abfadc4c51df59c2a0b">
						<Labels>
							<Label title="[MC_DefaultLabel]" code="ru-RU" />
						</Labels>
						<Control controlType="MetaPrimitive" source="Name" readOnly="False" uid="63e1d56d48a54982a51c91aecd33a960" />
					</Item>
					<Item rowIndex="1" cellIndex="2" rowSpan="1" colSpan="1" borderType="0" showLabel="true" labelWidth="150px" uid="4defb1c87b4943d28c65b3792a1c35df">
						<Labels>
							<Label title="[MC_DefaultLabel]" code="ru-RU" />
						</Labels>
						<Control controlType="MetaPrimitive" source="Telephone1" readOnly="False" uid="a3566ebf3159476da52bd6af616920bd" />
					</Item>
					<Item rowIndex="2" cellIndex="1" rowSpan="2" colSpan="1" borderType="0" showLabel="true" labelWidth="120px" uid="de6d2d81b87e48db8c51e60a439936b8">
						<Labels>
							<Label title="[MC_DefaultLabel]" code="ru-RU" />
						</Labels>
						<Control controlType="MetaPrimitive" source="Description" readOnly="False" uid="e869cabad58842279ee214053d127a7a" />
					</Item>
					<Item rowIndex="2" cellIndex="2" rowSpan="1" colSpan="1" borderType="0" showLabel="true" labelWidth="150px" uid="42dbfc7a45a64200948c97fecf966539">
						<Labels>
							<Label title="[MC_DefaultLabel]" code="ru-RU" />
						</Labels>
						<Control controlType="MetaPrimitive" source="Telephone2" readOnly="False" uid="3bfcb29e99e64447ab66d97efac63d2d" />
					</Item>
					<Item rowIndex="3" cellIndex="2" rowSpan="1" colSpan="1" borderType="0" showLabel="true" labelWidth="150px" uid="e2920bed4d4346f9b6aef55ea7daa13b">
						<Labels>
							<Label title="[MC_DefaultLabel]" code="ru-RU" />
						</Labels>
						<Control controlType="MetaPrimitive" source="Telephone3" readOnly="False" uid="97c204fe866d440e8d38058e45ac96c7" />
					</Item>
					<Item rowIndex="4" cellIndex="1" rowSpan="1" colSpan="1" borderType="0" showLabel="true" labelWidth="120px" uid="56594f84d72d45e2838bfedf5a3a72bd">
						<Labels>
							<Label title="[MC_DefaultLabel]" code="ru-RU" />
						</Labels>
						<Control controlType="MetaPrimitive" source="ParentId" readOnly="False" uid="168419741dad4ef48d238ef7b12f42c5" />
					</Item>
					<Item rowIndex="4" cellIndex="2" rowSpan="1" colSpan="1" borderType="0" showLabel="true" labelWidth="150px" uid="65483bb4faf243918575e58b79121e0d">
						<Labels>
							<Label title="[MC_DefaultLabel]" code="ru-RU" />
						</Labels>
						<Control controlType="MetaPrimitive" source="Fax" readOnly="False" uid="fbe77c8cc107463bb22306c83e46d6cd" />
					</Item>
					<Item rowIndex="5" cellIndex="1" rowSpan="1" colSpan="1" borderType="0" showLabel="true" labelWidth="120px" uid="63aa31f8c642497eaa209005eb0a3648">
						<Labels>
							<Label title="[MC_DefaultLabel]" code="ru-RU" />
						</Labels>
						<Control controlType="MetaPrimitive" source="PrimaryContactId" readOnly="False" uid="e02f7e6e88cf48fb8bde1305a957a0d8" />
					</Item>
					<Item rowIndex="5" cellIndex="2" rowSpan="1" colSpan="1" borderType="0" showLabel="true" labelWidth="150px" uid="cab399ce3ef74c64965f25efaab42dc1">
						<Labels>
							<Label title="[MC_DefaultLabel]" code="ru-RU" />
						</Labels>
						<Control controlType="MetaPrimitive" source="EMailAddress1" readOnly="False" uid="3bf1bc221fcf488e9e0c0a71dac666f9" />
					</Item>
					<Item rowIndex="6" cellIndex="1" rowSpan="1" colSpan="1" borderType="0" showLabel="true" labelWidth="120px" uid="2f2206da6cea422bba567b13d3c14e3a">
						<Labels>
							<Label title="[MC_DefaultLabel]" code="ru-RU" />
						</Labels>
						<Control controlType="MetaPrimitive" source="WebSiteUrl" readOnly="False" uid="97aa7b2c61ee4370bc9186ca06552d97" />
					</Item>
					<Item rowIndex="6" cellIndex="2" rowSpan="1" colSpan="1" borderType="0" showLabel="true" labelWidth="150px" uid="09d8bac2848d4d2593a7f550f42ce9b2">
						<Labels>
							<Label title="[MC_DefaultLabel]" code="ru-RU" />
						</Labels>
						<Control controlType="MetaPrimitive" source="EMailAddress2" readOnly="False" uid="f15a91c82da54933b11c30153dc6bf74" />
					</Item>
					<Item rowIndex="7" cellIndex="1" rowSpan="1" colSpan="1" borderType="0" showLabel="true" labelWidth="120px" uid="6849813931164871b76f74bec0c50a77">
						<Labels>
							<Label title="[MC_DefaultLabel]" code="ru-RU" />
						</Labels>
						<Control controlType="MetaPrimitive" source="IndustryCode" readOnly="False" uid="9f5d3d5fdb3a4846ac13fda472ac65f3" />
					</Item>
					<Item rowIndex="7" cellIndex="2" rowSpan="1" colSpan="1" borderType="0" showLabel="true" labelWidth="150px" uid="dacbf28f7345485a8cf2477951df9985">
						<Labels>
							<Label title="[MC_DefaultLabel]" code="ru-RU" />
						</Labels>
						<Control controlType="MetaPrimitive" source="EMailAddress3" readOnly="False" uid="db45302510af440da3761a2da056cb11" />
					</Item>
				</Control>
			</Section>
			<Section uid="c05e626bf1eb4b9d94cdba2102e58bd7" borderType="1" showLabel="true" itemIndex="2">
				<Labels>
					<Label title="{IbnFramework.Client:Address}" code="ru-RU" />
				</Labels>
				<Control controlType="SmartTableLayout" width="100%" uid="24eb347c51bc47c686d515b5b27a6ff8" cellPadding="5" columns="50%;*">
					<Item rowIndex="1" cellIndex="1" rowSpan="1" colSpan="1" borderType="0" showLabel="true" labelWidth="120px" uid="8f9657d4d39a4ad8b9d1fb08a13f8a72">
						<Labels>
							<Label title="[MC_DefaultLabel]" code="ru-RU" />
						</Labels>
						<Control controlType="MetaPrimitive" source="Address.AddressType" readOnly="False" uid="b4133d72e59c4d0ca9d403db61bc9a3a" />
					</Item>
					<Item rowIndex="1" cellIndex="2" rowSpan="1" colSpan="1" borderType="0" showLabel="true" labelWidth="150px" uid="2970d80795484c22a2c79663aa4211cc">
						<Labels>
							<Label title="[MC_DefaultLabel]" code="ru-RU" />
						</Labels>
						<Control controlType="MetaPrimitive" source="Address.PostalCode" readOnly="False" uid="f5390e57e6bb409fa0cf4fbf5f2f26ec" />
					</Item>
					<Item rowIndex="2" cellIndex="1" rowSpan="1" colSpan="1" borderType="0" showLabel="true" labelWidth="120px" uid="0a8b3bd3530144b59cf72c1e0c04b449">
						<Labels>
							<Label title="[MC_DefaultLabel]" code="ru-RU" />
						</Labels>
						<Control controlType="MetaPrimitive" source="Address.Country" readOnly="False" uid="f28e0df1c66746d5b1cfc6a2107f33d8" />
					</Item>
					<Item rowIndex="2" cellIndex="2" rowSpan="1" colSpan="1" borderType="0" showLabel="true" labelWidth="150px" uid="2597f8ec3aa944d88d4663fcb0af402d">
						<Labels>
							<Label title="[MC_DefaultLabel]" code="ru-RU" />
						</Labels>
						<Control controlType="MetaPrimitive" source="Address.PostOfficeBox" readOnly="False" uid="fcdda9a2593d45e5b76026d7fd5227a8" />
					</Item>
					<Item rowIndex="3" cellIndex="1" rowSpan="1" colSpan="1" borderType="0" showLabel="true" labelWidth="120px" uid="d885137c59bc4ba48b6c97fa9d87e96d">
						<Labels>
							<Label title="[MC_DefaultLabel]" code="ru-RU" />
						</Labels>
						<Control controlType="MetaPrimitive" source="Address.Region" readOnly="False" uid="1450fc83526b48c5ba9ed681030446a0" />
					</Item>
					<Item rowIndex="3" cellIndex="2" rowSpan="1" colSpan="1" borderType="0" showLabel="true" labelWidth="150px" uid="8f25d9b33d5e46cfacc2e06db79a57fe">
						<Labels>
							<Label title="[MC_DefaultLabel]" code="ru-RU" />
						</Labels>
						<Control controlType="MetaPrimitive" source="Address.Telephone1" readOnly="False" uid="064c92b3ec454123b123cbcf99e89ca8" />
					</Item>
					<Item rowIndex="4" cellIndex="1" rowSpan="1" colSpan="1" borderType="0" showLabel="true" labelWidth="120px" uid="440a97404091457dbcabd016e3b6ae7f">
						<Labels>
							<Label title="[MC_DefaultLabel]" code="ru-RU" />
						</Labels>
						<Control controlType="MetaPrimitive" source="Address.City" readOnly="False" uid="fae8c782c11e46bea1aff30be552efb2" />
					</Item>
					<Item rowIndex="4" cellIndex="2" rowSpan="1" colSpan="1" borderType="0" showLabel="true" labelWidth="150px" uid="76a2ae7678d149d78ff4a5135851e8aa">
						<Labels>
							<Label title="[MC_DefaultLabel]" code="ru-RU" />
						</Labels>
						<Control controlType="MetaPrimitive" source="Address.Telephone2" readOnly="False" uid="0dffe9eb03894060824dfe6f5f92c0e9" />
					</Item>
					<Item rowIndex="5" cellIndex="1" rowSpan="1" colSpan="1" borderType="0" showLabel="true" labelWidth="120px" uid="31f85eeb1e234011ac3ddf93e310b731">
						<Labels>
							<Label title="[MC_DefaultLabel]" code="ru-RU" />
						</Labels>
						<Control controlType="MetaPrimitive" source="Address.Line1" readOnly="False" uid="e862fe3ed17e43e786b7569e592c8dff" />
					</Item>
					<Item rowIndex="5" cellIndex="2" rowSpan="1" colSpan="1" borderType="0" showLabel="true" labelWidth="150px" uid="259421b7e79e4f72baf54f3d35b7421a">
						<Labels>
							<Label title="[MC_DefaultLabel]" code="ru-RU" />
						</Labels>
						<Control controlType="MetaPrimitive" source="Address.Telephone3" readOnly="False" uid="7487d4f41a114a6b9d24d73b234bc3f6" />
					</Item>
					<Item rowIndex="6" cellIndex="1" rowSpan="1" colSpan="1" borderType="0" showLabel="true" labelWidth="120px" uid="80af6a089aef44f992591afaf3401826">
						<Labels>
							<Label title="[MC_DefaultLabel]" code="ru-RU" />
						</Labels>
						<Control controlType="MetaPrimitive" source="Address.Line2" readOnly="False" uid="97f34d4bb051414b939053aa54ea4436" />
					</Item>
					<Item rowIndex="6" cellIndex="2" rowSpan="1" colSpan="1" borderType="0" showLabel="true" labelWidth="150px" uid="90eebf9e626d4901a0aa12601c3c1ecc">
						<Labels>
							<Label title="[MC_DefaultLabel]" code="ru-RU" />
						</Labels>
						<Control controlType="MetaPrimitive" source="Address.Fax" readOnly="False" uid="909bf293199e446ebd575e9264d49e78" />
					</Item>
					<Item rowIndex="7" cellIndex="1" rowSpan="1" colSpan="1" borderType="0" showLabel="true" labelWidth="120px" uid="af45c3bc925541379074c225e3effd44">
						<Labels>
							<Label title="[MC_DefaultLabel]" code="ru-RU" />
						</Labels>
						<Control controlType="MetaPrimitive" source="Address.Line3" readOnly="False" uid="d27c8be32ee64ca084cee49b4d70c1b1" />
					</Item>
				</Control>
			</Section>
		</Cell>
	</Row>
	<Row>
		<Cell colSpan="1" name="cell_21" />
		<Cell colSpan="1" name="cell_22" />
	</Row>
	<Row>
		<Cell colSpan="2" name="cell_31" />
	</Row>
</Table>