﻿<?xml version="1.0" encoding="utf-8" ?>
<ListViewProfile xmlns:xsi="http://www.w3.org/2001/XMLSchema-instance" xmlns:xsd="http://www.w3.org/2001/XMLSchema">
	<Id>{03B777E8-34C7-4F10-B5EB-A0035B6BE871}</Id>
	<Name>{IbnFramework.Profile:AllProfiles}</Name>
	<IsSystem>true</IsSystem>
	<IsPublic>true</IsPublic>
	<FieldSetName>ListInfos</FieldSetName>
	<FieldSet>
		<string>Name</string>
		<string>WorkspacePersonalization</string>
	</FieldSet>
	<GroupByFieldName />
	<Filters />
	<ColumnsUI>
		<Column field="Name" width="500px" />
		<Column field="WorkspacePersonalization" width="220px" />
	</ColumnsUI>
</ListViewProfile>