﻿<?xml version="1.0" encoding="utf-8" ?>
<ListViewProfile xmlns:xsi="http://www.w3.org/2001/XMLSchema-instance" xmlns:xsd="http://www.w3.org/2001/XMLSchema">
	<Id>ListNotDelivered</Id>
	<Name>{IbnFramework.Admin:NotDeliveredMessages}</Name>
	<IsSystem>true</IsSystem>
	<IsPublic>true</IsPublic>
	<FieldSetName>NotDeliveredMessages</FieldSetName>
	<FieldSet>
		<string>Created</string>
		<string>Source</string>
		<string>Email</string>
		<string>IsDelivered</string>
		<string>DeliveryAttempts</string>
		<string>Error</string>
		<string>Modified</string>
	</FieldSet>
	<GroupByFieldName />
	<Filters>
		<FilterElement>
			<Source>IsDelivered</Source>
			<Type>Equal</Type>
			<Value xsi:type="xsd:boolean">false</Value>
			<ValueIsTemplate>false</ValueIsTemplate>
		</FilterElement>
	</Filters>
	<ColumnsUI>
		<Column field="Created" width="110px" />
		<Column field="Source" width="130px" />
		<Column field="Email" width="320px" title="{IbnFramework.Admin:ClientEmailMessage}" />
		<Column field="IsDelivered" width="60px" />
		<Column field="DeliveryAttempts" width="50px" />
		<Column field="Error" width="200px" />
		<Column field="Modified" width="110px" />
	</ColumnsUI>
</ListViewProfile>