﻿<?xml version="1.0" encoding="utf-8" ?>
<ListViewProfile xmlns:xsi="http://www.w3.org/2001/XMLSchema-instance" xmlns:xsd="http://www.w3.org/2001/XMLSchema">
	<Id>FindUsersForProfile</Id>
	<Name>{IbnFramework.Profile:Users}</Name>
	<IsSystem>true</IsSystem>
	<IsPublic>true</IsPublic>
	<FieldSetName>ListInfos</FieldSetName>
	<FieldSet>
		<string>Name</string>
	</FieldSet>
	<GroupByFieldName />
	<Filters>
		<FilterElement>
			<Source>Card</Source>
			<Type>Equal</Type>
			<Value xsi:type="xsd:string">User</Value>
			<ValueIsTemplate>false</ValueIsTemplate>
		</FilterElement>
		<FilterElement>
			<Source>Activity</Source>
			<Type>Equal</Type>
			<Value xsi:type="xsd:string">3</Value>
			<ValueIsTemplate>false</ValueIsTemplate>
		</FilterElement>
		<FilterElement>
			<Source>PrincipalId</Source>
			<Type>NotIn</Type>
			<Value xsi:type="xsd:string">SELECT PrincipalId FROM ActiveUsersByProfile({QueryString:ProfileId})</Value>
			<ValueIsTemplate>true</ValueIsTemplate>
		</FilterElement>
	</Filters>
	<ColumnsUI>
		<Column field="Name" width="500" title="{IbnFramework.Profile:Users}" />
	</ColumnsUI>
</ListViewProfile>