<?xml version="1.0"?>
<EntityObject xmlns:xsi="http://www.w3.org/2001/XMLSchema-instance" xmlns:xsd="http://www.w3.org/2001/XMLSchema">
  <Properties>
    <EntityObjectProperty>
      <Name xmlns="http://mediachase.net/">Created</Name>
      <Value xsi:type="xsd:dateTime" xmlns="http://mediachase.net/">2009-05-28T10:35:51.483+03:00</Value>
    </EntityObjectProperty>
    <EntityObjectProperty>
      <Name xmlns="http://mediachase.net/">CreatorId</Name>
      <Value xsi:type="xsd:int" xmlns="http://mediachase.net/">-1</Value>
    </EntityObjectProperty>
    <EntityObjectProperty>
      <Name xmlns="http://mediachase.net/">CustomPageId</Name>
      <Value xmlns:q1="http://microsoft.com/wsdl/types/" xsi:type="q1:guid" xmlns="http://mediachase.net/">5ef668e2-4b37-47de-9c78-a1cc69ccfbf0</Value>
    </EntityObjectProperty>
    <EntityObjectProperty>
      <Name xmlns="http://mediachase.net/">Description</Name>
    </EntityObjectProperty>
    <EntityObjectProperty>
      <Name xmlns="http://mediachase.net/">Icon</Name>
    </EntityObjectProperty>
    <EntityObjectProperty>
      <Name xmlns="http://mediachase.net/">JsonData</Name>
      <Value xsi:type="xsd:string" xmlns="http://mediachase.net/">[{"items":[{"id":"44F7DDAE-E0F6-482c-A55A-565CFA387660","collapsed":false,"instanseUid":"7e74d65af1ef4c748befe062b095b566"}],"id":"Column1"},{"items":[{"id":"44F7DDAE-E0F6-482c-A55A-565CFA387660","collapsed":false,"instanseUid":"f0b6de148264486782b9510062591545"}],"id":"Column2"}]</Value>
    </EntityObjectProperty>
	  <EntityObjectProperty>
		  <Name xmlns="http://mediachase.net/">PropertyJsonData</Name>
		  <Value xsi:type="xsd:string" xmlns="http://mediachase.net/">&lt;ControlProperties&gt;&lt;wrapControl44F7DDAEE0F6482cA55A565CFA387660_7e74d65af1ef4c748befe062b095b566&gt;&lt;Chart&gt;&amp;lt;?xml version="1.0"?&amp;gt;  &amp;lt;XmlSerializedItem xmlns:xsi="http://www.w3.org/2001/XMLSchema-instance" xmlns:xsd="http://www.w3.org/2001/XMLSchema"&amp;gt;    &amp;lt;Type&amp;gt;System.String, mscorlib&amp;lt;/Type&amp;gt;    &amp;lt;Data&amp;gt;&amp;amp;lt;?xml version="1.0"?&amp;amp;gt;  &amp;amp;lt;string&amp;amp;gt;Dash_Prj_Stat&amp;amp;lt;/string&amp;amp;gt;&amp;lt;/Data&amp;gt;  &amp;lt;/XmlSerializedItem&amp;gt;&lt;/Chart&gt;&lt;ChartKeyGistType&gt;&amp;lt;?xml version="1.0"?&amp;gt;  &amp;lt;XmlSerializedItem xmlns:xsi="http://www.w3.org/2001/XMLSchema-instance" xmlns:xsd="http://www.w3.org/2001/XMLSchema"&amp;gt;    &amp;lt;Type&amp;gt;System.String, mscorlib&amp;lt;/Type&amp;gt;    &amp;lt;Data&amp;gt;&amp;amp;lt;?xml version="1.0"?&amp;amp;gt;  &amp;amp;lt;string&amp;amp;gt;Gist&amp;amp;lt;/string&amp;amp;gt;&amp;lt;/Data&amp;gt;  &amp;lt;/XmlSerializedItem&amp;gt;&lt;/ChartKeyGistType&gt;&lt;/wrapControl44F7DDAEE0F6482cA55A565CFA387660_7e74d65af1ef4c748befe062b095b566&gt;&lt;wrapControl44F7DDAEE0F6482cA55A565CFA387660_f0b6de148264486782b9510062591545&gt;&lt;Chart&gt;&amp;lt;?xml version="1.0"?&amp;gt;  &amp;lt;XmlSerializedItem xmlns:xsi="http://www.w3.org/2001/XMLSchema-instance" xmlns:xsd="http://www.w3.org/2001/XMLSchema"&amp;gt;    &amp;lt;Type&amp;gt;System.String, mscorlib&amp;lt;/Type&amp;gt;    &amp;lt;Data&amp;gt;&amp;amp;lt;?xml version="1.0"?&amp;amp;gt;  &amp;amp;lt;string&amp;amp;gt;Dash_Prj_Man&amp;amp;lt;/string&amp;amp;gt;&amp;lt;/Data&amp;gt;  &amp;lt;/XmlSerializedItem&amp;gt;&lt;/Chart&gt;&lt;ChartKeyGistType&gt;&amp;lt;?xml version="1.0"?&amp;gt;  &amp;lt;XmlSerializedItem xmlns:xsi="http://www.w3.org/2001/XMLSchema-instance" xmlns:xsd="http://www.w3.org/2001/XMLSchema"&amp;gt;    &amp;lt;Type&amp;gt;System.String, mscorlib&amp;lt;/Type&amp;gt;    &amp;lt;Data&amp;gt;&amp;amp;lt;?xml version="1.0"?&amp;amp;gt;  &amp;amp;lt;string&amp;amp;gt;Pie&amp;amp;lt;/string&amp;amp;gt;&amp;lt;/Data&amp;gt;  &amp;lt;/XmlSerializedItem&amp;gt;&lt;/ChartKeyGistType&gt;&lt;/wrapControl44F7DDAEE0F6482cA55A565CFA387660_f0b6de148264486782b9510062591545&gt;&lt;/ControlProperties&gt;</Value>
	  </EntityObjectProperty>
	<EntityObjectProperty>
		<Name xmlns="http://mediachase.net/">Modified</Name>
      <Value xsi:type="xsd:dateTime" xmlns="http://mediachase.net/">2009-05-28T10:35:51.483+03:00</Value>
    </EntityObjectProperty>
    <EntityObjectProperty>
      <Name xmlns="http://mediachase.net/">ModifierId</Name>
      <Value xsi:type="xsd:int" xmlns="http://mediachase.net/">-1</Value>
    </EntityObjectProperty>
    <EntityObjectProperty>
      <Name xmlns="http://mediachase.net/">Profile</Name>
    </EntityObjectProperty>
    <EntityObjectProperty>
      <Name xmlns="http://mediachase.net/">ProfileId</Name>
    </EntityObjectProperty>
    <EntityObjectProperty>
      <Name xmlns="http://mediachase.net/">TemplateId</Name>
      <Value xmlns:q2="http://microsoft.com/wsdl/types/" xsi:type="q2:guid" xmlns="http://mediachase.net/">d9e58708-63df-42f6-9713-c9bce4377f98</Value>
    </EntityObjectProperty>
    <EntityObjectProperty>
      <Name xmlns="http://mediachase.net/">Title</Name>
      <Value xsi:type="xsd:string" xmlns="http://mediachase.net/">{IbnFramework.Project:_mc_ProjWs}</Value>
    </EntityObjectProperty>
    <EntityObjectProperty>
      <Name xmlns="http://mediachase.net/">Uid</Name>
      <Value xmlns:q3="http://microsoft.com/wsdl/types/" xsi:type="q3:guid" xmlns="http://mediachase.net/">dc5503c5-6862-42ef-9d83-d92ba0b5048c</Value>
    </EntityObjectProperty>
    <EntityObjectProperty>
      <Name xmlns="http://mediachase.net/">User</Name>
    </EntityObjectProperty>
    <EntityObjectProperty>
      <Name xmlns="http://mediachase.net/">UserId</Name>
    </EntityObjectProperty>
  </Properties>
</EntityObject>