<?xml version="1.0"?>
<EntityObject xmlns:xsi="http://www.w3.org/2001/XMLSchema-instance" xmlns:xsd="http://www.w3.org/2001/XMLSchema">
  <Properties>
    <EntityObjectProperty>
      <Name xmlns="http://mediachase.net/">Created</Name>
      <Value xsi:type="xsd:dateTime" xmlns="http://mediachase.net/">2009-05-28T10:35:07.297+03:00</Value>
    </EntityObjectProperty>
    <EntityObjectProperty>
      <Name xmlns="http://mediachase.net/">CreatorId</Name>
      <Value xsi:type="xsd:int" xmlns="http://mediachase.net/">-1</Value>
    </EntityObjectProperty>
    <EntityObjectProperty>
      <Name xmlns="http://mediachase.net/">CustomPageId</Name>
      <Value xmlns:q1="http://microsoft.com/wsdl/types/" xsi:type="q1:guid" xmlns="http://mediachase.net/">c608270c-abe4-4ac2-968d-270b290a2cf9</Value>
    </EntityObjectProperty>
    <EntityObjectProperty>
      <Name xmlns="http://mediachase.net/">Description</Name>
    </EntityObjectProperty>
    <EntityObjectProperty>
      <Name xmlns="http://mediachase.net/">Icon</Name>
    </EntityObjectProperty>
    <EntityObjectProperty>
      <Name xmlns="http://mediachase.net/">JsonData</Name>
      <Value xsi:type="xsd:string" xmlns="http://mediachase.net/">[{"items":[{"id":"B3075B36-BB0B-4f90-8E09-1E85855E1F2F","collapsed":false,"instanseUid":"3ff8316c710e490a867225dd3dafea9d"}],"id":"Column1"},{"items":[{"id":"B3075B36-BB0B-4f90-8E09-1E85855E1F2F","collapsed":false,"instanseUid":"f21ae3c28ece4156b7fbad261809a978"}],"id":"Column2"}]</Value>
    </EntityObjectProperty>
	  <EntityObjectProperty>
		  <Name xmlns="http://mediachase.net/">PropertyJsonData</Name>
		  <Value xsi:type="xsd:string" xmlns="http://mediachase.net/">&lt;ControlProperties&gt;&lt;wrapControlB3075B36BB0B4f908E091E85855E1F2F_f21ae3c28ece4156b7fbad261809a978&gt;&lt;Chart&gt;&amp;lt;?xml version="1.0"?&amp;gt;  &amp;lt;XmlSerializedItem xmlns:xsi="http://www.w3.org/2001/XMLSchema-instance" xmlns:xsd="http://www.w3.org/2001/XMLSchema"&amp;gt;    &amp;lt;Type&amp;gt;System.String, mscorlib&amp;lt;/Type&amp;gt;    &amp;lt;Data&amp;gt;&amp;amp;lt;?xml version="1.0"?&amp;amp;gt;  &amp;amp;lt;string&amp;amp;gt;Dash_Iss_Man&amp;amp;lt;/string&amp;amp;gt;&amp;lt;/Data&amp;gt;  &amp;lt;/XmlSerializedItem&amp;gt;&lt;/Chart&gt;&lt;ChartKeyGistType&gt;&amp;lt;?xml version="1.0"?&amp;gt;  &amp;lt;XmlSerializedItem xmlns:xsi="http://www.w3.org/2001/XMLSchema-instance" xmlns:xsd="http://www.w3.org/2001/XMLSchema"&amp;gt;    &amp;lt;Type&amp;gt;System.String, mscorlib&amp;lt;/Type&amp;gt;    &amp;lt;Data&amp;gt;&amp;amp;lt;?xml version="1.0"?&amp;amp;gt;  &amp;amp;lt;string&amp;amp;gt;Gist&amp;amp;lt;/string&amp;amp;gt;&amp;lt;/Data&amp;gt;  &amp;lt;/XmlSerializedItem&amp;gt;&lt;/ChartKeyGistType&gt;&lt;/wrapControlB3075B36BB0B4f908E091E85855E1F2F_f21ae3c28ece4156b7fbad261809a978&gt;&lt;/ControlProperties&gt;</Value>
	  </EntityObjectProperty>
    <EntityObjectProperty>
      <Name xmlns="http://mediachase.net/">Modified</Name>
      <Value xsi:type="xsd:dateTime" xmlns="http://mediachase.net/">2009-05-28T10:35:07.297+03:00</Value>
    </EntityObjectProperty>
    <EntityObjectProperty>
      <Name xmlns="http://mediachase.net/">ModifierId</Name>
      <Value xsi:type="xsd:int" xmlns="http://mediachase.net/">-1</Value>
    </EntityObjectProperty>
    <EntityObjectProperty>
      <Name xmlns="http://mediachase.net/">Profile</Name>
    </EntityObjectProperty>
    <EntityObjectProperty>
      <Name xmlns="http://mediachase.net/">ProfileId</Name>
    </EntityObjectProperty>
    <EntityObjectProperty>
      <Name xmlns="http://mediachase.net/">TemplateId</Name>
      <Value xmlns:q2="http://microsoft.com/wsdl/types/" xsi:type="q2:guid" xmlns="http://mediachase.net/">d9e58708-63df-42f6-9713-c9bce4377f98</Value>
    </EntityObjectProperty>
    <EntityObjectProperty>
      <Name xmlns="http://mediachase.net/">Title</Name>
      <Value xsi:type="xsd:string" xmlns="http://mediachase.net/">{IbnFramework.Incident:_mc_HdmWs}</Value>
    </EntityObjectProperty>
    <EntityObjectProperty>
      <Name xmlns="http://mediachase.net/">Uid</Name>
      <Value xmlns:q3="http://microsoft.com/wsdl/types/" xsi:type="q3:guid" xmlns="http://mediachase.net/">6617334f-b42c-405c-9e43-ad2d8d231b67</Value>
    </EntityObjectProperty>
    <EntityObjectProperty>
      <Name xmlns="http://mediachase.net/">User</Name>
    </EntityObjectProperty>
    <EntityObjectProperty>
      <Name xmlns="http://mediachase.net/">UserId</Name>
    </EntityObjectProperty>
  </Properties>
</EntityObject>