﻿<?xml version="1.0" encoding="utf-8" ?>
<ListViewUI>
	<Toolbar>
		<clear/>
		<add>
			<Button id="DeleteSelectedButton" text="{IbnFramework.Common:DeleteSelected}" imageUrl="~/Images/IbnFramework/delete.gif" commandName="MC_MUI_DeleteSelected" itemSplitter="Right"></Button>
		</add>
	</Toolbar>
	<Grid>
		<clear/>
		<add>
			<CustomColumns id="CM_MUI_Columns">
				<Column id="472F004E-AF2F-4d64-91A0-17B37248A71C" type="ColumnsActions" allowSorting="false" templateUrl="~/Apps/MetaUIEntity/Primitives/ColumnsActions.GridEntity.ascx">
					<Item imageUrl="~/Layouts/Images/moveto.gif" commandName="MC_DOrgUnit_MoveItem" paddingRight="5" tooltip="{IbnFramework.Directory:MoveTo}" />
					<Item imageUrl="~/Layouts/Images/edit.gif" commandName="MC_DOrgUnit_EditItem" paddingRight="5" tooltip="{IbnFramework.Directory:Edit}" />
					<Item imageUrl="~/Layouts/Images/newitem.gif" commandName="MC_DOrgUnit_NewItem" paddingRight="5" tooltip="{IbnFramework.Directory:NewSubGroup}" />
				</Column>
			</CustomColumns>
		</add>
	</Grid>
	<Commands>
		<clear/>
		<add>
			<Command id="MC_DOrgUnit_NewItem">
				<CommandType>OpenFrameModalPopup</CommandType>
				<PopupTitle>{IbnFramework.ListInfo:NewRow}</PopupTitle>
				<Url>~/Apps/MetaUIEntity/Pages/EntityEditPopup.aspx?formName=[MC_BaseForm]&amp;className={QueryString:ClassName}&amp;CommandName=MC_DOrgUnit_NewItem&amp;ContainerFieldName=ParentId&amp;ContainerId=[ClientParam:primaryKeyId]</Url>
				<Width>800</Width>
				<Height>600</Height>
				<Left>50</Left>
				<Top>20</Top>
				<Drag>True</Drag>
				<UpdatePanelIds>grdMainPanel</UpdatePanelIds>
			</Command>
			<Command id="MC_DOrgUnit_EditItem">
				<CommandType>OpenFrameModalPopup</CommandType>
				<PopupTitle>{IbnFramework.Directory:OrganizationalUnitEdit}</PopupTitle>
				<Url>~/Apps/MetaUIEntity/Pages/EntityEditPopup.aspx?formName=[MC_BaseForm]&amp;className={QueryString:ClassName}&amp;ObjectId=[ClientParam:primaryKeyId]&amp;CommandName=MC_DOrgUnit_EditItem</Url>
				<Width>800</Width>
				<Height>600</Height>
				<Left>50</Left>
				<Top>20</Top>
				<Drag>True</Drag>
				<UpdatePanelIds>grdMainPanel</UpdatePanelIds>
			</Command>
			<Command id="MC_DOrgUnit_MoveItem">
				<CommandType>OpenFrameModalPopup</CommandType>
				<PopupTitle>{IbnFramework.Directory:OrganizationalUnitMove}</PopupTitle>
				<Url>~/Apps/MetaUIEntity/Pages/EntitySelect.aspx?Classes={QueryString:ClassName}&amp;ReturnCommand=MC_DOrgUnit_ItemMoved&amp;ProfileName=AllOrganizationalUnits&amp;TreeServiceTargetObjectId=[ClientParam:primaryKeyId]</Url>
				<Width>540</Width>
				<Height>380</Height>
				<Left>50</Left>
				<Top>20</Top>
				<Drag>True</Drag>
				<DependCommand>MC_DOrgUnit_ItemMoved</DependCommand>
			</Command>
			<Command id="MC_DOrgUnit_ItemMoved">
				<CommandType>ServerAction</CommandType>
				<Handler>Mediachase.Ibn.Web.UI.IbnDirectory.CommandHandlers.MoveOrgUnitHandler, Mediachase.UI.Web</Handler>
			</Command>

			<Command id="MC_MUI_DeleteSelected">
				<CommandType>ServerAction</CommandType>
				<ConfirmationText>{IbnFramework.Directory:DeleteSelectedOrgUnitConfirmation}</ConfirmationText>
				<Handler>Mediachase.Ibn.Web.UI.MetaUIEntity.CommandHandlers.DeleteSelectedEntityHandler, Mediachase.UI.Web</Handler>
				<UpdatePanelIds>grdMainPanel</UpdatePanelIds>
			</Command>

			<Command id="MC_MUI_ProfileEdit">
				<CommandType>OpenFrameModalPopup</CommandType>
				<PopupTitle>{IbnFramework.Common:EntityProfileEdit}</PopupTitle>
				<Url>~/Apps/MetaUIEntity/Pages/ProfileEdit.aspx?className=[ClientParam:ClassName]&amp;placeName=EntityList&amp;showGrouping=0&amp;showFilters=1&amp;uid=[ClientParam:uid]</Url>
				<Width>590</Width>
				<Height>390</Height>
				<Top>15</Top>
				<Drag>True</Drag>
			</Command>
			<Command id="MC_MUI_ProfileNew">
				<CommandType>OpenFrameModalPopup</CommandType>
				<PopupTitle>{IbnFramework.Common:EntityProfileNew}</PopupTitle>
				<Url>~/Apps/MetaUIEntity/Pages/ProfileEdit.aspx?className=[ClientParam:ClassName]&amp;placeName=EntityList&amp;showGrouping=0&amp;showFilters=1</Url>
				<Width>590</Width>
				<Height>390</Height>
				<Top>15</Top>
				<Drag>True</Drag>
			</Command>

			<Command id="MC_MUI_ProfileEdited">
				<CommandType>ServerAction</CommandType>
				<Handler>Mediachase.Ibn.Web.UI.MetaUIEntity.CommandHandlers.ProfileEditedHandler, Mediachase.UI.Web</Handler>
			</Command>

			<Command id="MC_MUI_ProfileEditAdmin">
				<CommandType>OpenFrameModalPopup</CommandType>
				<PopupTitle>{IbnFramework.Common:EntityProfileEdit}</PopupTitle>
				<Url>~/Apps/MetaUIEntity/Pages/ProfileEdit.aspx?className=[ClientParam:ClassName]&amp;placeName=EntityList&amp;showGrouping=0&amp;showFilters=1&amp;uid=[ClientParam:uid]&amp;commandName=MC_MUI_NeedToDataBind&amp;isSystem=1</Url>
				<Width>590</Width>
				<Height>390</Height>
				<Top>15</Top>
				<Drag>True</Drag>
			</Command>
			<Command id="MC_MUI_ProfileNewAdmin">
				<CommandType>OpenFrameModalPopup</CommandType>
				<PopupTitle>{IbnFramework.Common:EntityProfileNew}</PopupTitle>
				<Url>~/Apps/MetaUIEntity/Pages/ProfileEdit.aspx?className=[ClientParam:ClassName]&amp;placeName=EntityList&amp;showGrouping=0&amp;showFilters=1&amp;commandName=MC_MUI_NeedToDataBind&amp;isSystem=1</Url>
				<Width>590</Width>
				<Height>390</Height>
				<Top>15</Top>
				<Drag>True</Drag>
			</Command>

			<Command id="MC_MUI_NeedToDataBind">
				<CommandType>ServerAction</CommandType>
				<Handler>Mediachase.Ibn.Web.UI.MetaUIEntity.CommandHandlers.NeedToDataBindHandler, Mediachase.UI.Web</Handler>
			</Command>

			<Command id="MC_MUI_ExportTrue">
				<CommandType>ServerAction</CommandType>
				<Handler>Mediachase.Ibn.Web.UI.MetaUIEntity.CommandHandlers.EntityListExport, Mediachase.UI.Web</Handler>
			</Command>
		</add>
	</Commands>
</ListViewUI>