﻿<?xml version="1.0" encoding="utf-8" ?>
<ListViewUI>
	<Toolbar>
		<clear/>
		<add>
			<Button id="AddButton" text="{IbnFramework.Common:tAddEntities}" imageUrl="~/Layouts/Images/addselected.gif" commandName="MC_MUI_AddSelected" itemSplitter="Right"></Button>
			<Button id="DeleteSelectedButton" text="{IbnFramework.Common:DeleteSelected}" imageUrl="~/Images/IbnFramework/delete.gif" commandName="MC_MUI_DeleteSelected" itemSplitter="Right"></Button>
		</add>
	</Toolbar>
	<Grid>
		<clear/>
		<add>
			<CustomColumns id="CM_MUI_Columns">
				<Column id="472F004E-AF2F-4d64-91A0-17B37248A71C" type="ColumnsActions" templateUrl="~/Apps/MetaUIEntity/Primitives/ColumnsActions.GridEntity.ascx">
					<Item imageUrl="~/Images/IbnFramework/list_view.gif" commandName="MC_MUI_ViewItem" paddingRight="5" tooltip="{IbnFramework.ListInfo:ItemView}" />
					<Item imageUrl="~/Layouts/Images/edit.gif" commandName="MC_MUI_EditItem" paddingRight="5" tooltip="{IbnFramework.ListInfo:Edit}" />
				</Column>
			</CustomColumns>
		</add>
	</Grid>
	<Commands>
		<clear/>
		<add>
			<Command id="MC_MUI_AddSelected">
				<CommandType>OpenFrameModalPopup</CommandType>
				<PopupTitle>{IbnFramework.Common:SearchObjects}</PopupTitle>
				<Url>~/Apps/MetaUIEntity/Pages/EntitySelect.aspx?Classes={HttpContext:ReferenceNN_ClassName}&amp;refreshName=SelectItems_Refresh&amp;ReturnCommand=MC_MUI_AddSelected&amp;MultipleSelect=1&amp;CanCreate=1</Url>
				<Width>640</Width>
				<Height>480</Height>
				<Left>100</Left>
				<Top>50</Top>
				<Drag>True</Drag>
			</Command>
			<Command id="MC_MUI_DeleteSelected">
				<CommandType>ServerAction</CommandType>
				<ConfirmationText>{IbnFramework.Common:DeleteSelectedItemsConfirmation}</ConfirmationText>
				<Handler>Mediachase.Ibn.Web.UI.MetaUIEntity.CommandHandlers.DeleteSelectedBridgeEntityHandler, Mediachase.UI.Web</Handler>
			</Command>
			<Command id="MC_MUI_ViewItem">
				<CommandType>Navigate</CommandType>
				<Url>~/Apps/MetaUIEntity/Pages/EntityView.aspx?ClassName={HttpContext:ReferenceNN_ClassName}&amp;ObjectId=[ClientParam:primaryKeyId]</Url>
			</Command>
			<Command id="MC_MUI_EditItem">
				<CommandType>Navigate</CommandType>
				<Url>~/Apps/MetaUIEntity/Pages/EntityEdit.aspx?ClassName={HttpContext:ReferenceNN_ClassName}&amp;ObjectId=[ClientParam:primaryKeyId]</Url>
			</Command>
			<Command id="MC_MUI_RefN_NeedToDataBind">
				<CommandType>ServerAction</CommandType>
				<Handler>Mediachase.Ibn.Web.UI.MetaUIEntity.CommandHandlers.NeedToDataBindHandler, Mediachase.UI.Web</Handler>
			</Command>
		</add>
	</Commands>
</ListViewUI>