﻿<?xml version="1.0" encoding="utf-8" ?>
<ListViewUI>
	<Toolbar>
		<clear/>
		<add>
			<Button id="NewItemButton" text="{IbnFramework.Common:NewEntity}" imageUrl="~/Layouts/Images/newitem.gif" commandName="MC_MUI_NewItem" itemSplitter="Right"></Button>
			<Button id="DeleteSelectedButton" text="{IbnFramework.Common:DeleteSelected}" imageUrl="~/Images/IbnFramework/delete.gif" commandName="MC_MUI_DeleteSelected" itemSplitter="Right"></Button>
		</add>
	</Toolbar>
	<Grid>
		<clear/>
		<add>
			<CustomColumns id="CM_MUI_Columns">
				<Column id="472F004E-AF2F-4d64-91A0-17B37248A71C" type="ColumnsActions" templateUrl="~/Apps/MetaUIEntity/Primitives/ColumnsActions.GridEntity.ascx">
					<Item imageUrl="~/Layouts/Images/edit.gif" commandName="MC_MUI_EditItem" paddingRight="5" />
				</Column>
			</CustomColumns>
		</add>
	</Grid>
	<Commands>
		<clear/>
		<add>
			<Command id="MC_MUI_NewItem">
				<CommandType>Navigate</CommandType>
				<Url>~/Apps/MetaUIEntity/Pages/EntityEdit.aspx?ClassName={QueryString:ClassName}</Url>
			</Command>
			<Command id="MC_MUI_EditItem">
				<CommandType>Navigate</CommandType>
				<Url>~/Apps/MetaUIEntity/Pages/EntityEdit.aspx?ClassName={QueryString:ClassName}&amp;ObjectId=[ClientParam:primaryKeyId]</Url>
			</Command>

			<Command id="MC_MUI_DeleteSelected">
				<CommandType>ServerAction</CommandType>
				<ConfirmationText>{IbnFramework.Common:DeleteSelectedItemsConfirmation}</ConfirmationText>
				<Handler>Mediachase.Ibn.Web.UI.MetaUIEntity.CommandHandlers.DeleteSelectedEntityHandler, Mediachase.UI.Web</Handler>
				<UpdatePanelIds>grdMainPanel</UpdatePanelIds>
			</Command>

			<Command id="MC_MUI_ProfileEdit">
				<CommandType>OpenFrameModalPopup</CommandType>
				<PopupTitle>{IbnFramework.Common:EntityProfileEdit}</PopupTitle>
				<Url>~/Apps/MetaUIEntity/Pages/ProfileEdit.aspx?className=[ClientParam:ClassName]&amp;placeName=EntityList&amp;showGrouping=0&amp;showFilters=1&amp;uid=[ClientParam:uid]</Url>
				<Width>590</Width>
				<Height>390</Height>
				<Top>15</Top>
				<Drag>True</Drag>
			</Command>
			<Command id="MC_MUI_ProfileNew">
				<CommandType>OpenFrameModalPopup</CommandType>
				<PopupTitle>{IbnFramework.Common:EntityProfileNew}</PopupTitle>
				<Url>~/Apps/MetaUIEntity/Pages/ProfileEdit.aspx?className=[ClientParam:ClassName]&amp;placeName=EntityList&amp;showGrouping=0&amp;showFilters=1</Url>
				<Width>590</Width>
				<Height>390</Height>
				<Top>15</Top>
				<Drag>False</Drag>
			</Command>

			<Command id="MC_MUI_ProfileEdited">
				<CommandType>ServerAction</CommandType>
				<Handler>Mediachase.Ibn.Web.UI.MetaUIEntity.CommandHandlers.ProfileEditedHandler, Mediachase.UI.Web</Handler>
			</Command>

			<Command id="MC_MUI_ProfileEditAdmin">
				<CommandType>OpenFrameModalPopup</CommandType>
				<PopupTitle>{IbnFramework.Common:EntityProfileEdit}</PopupTitle>
				<Url>~/Apps/MetaUIEntity/Pages/ProfileEdit.aspx?className=[ClientParam:ClassName]&amp;placeName=EntityList&amp;showGrouping=0&amp;showFilters=1&amp;uid=[ClientParam:uid]&amp;commandName=MC_MUI_NeedToDataBind&amp;isSystem=1</Url>
				<Width>590</Width>
				<Height>390</Height>
				<Top>15</Top>
				<Drag>True</Drag>
			</Command>
			<Command id="MC_MUI_ProfileNewAdmin">
				<CommandType>OpenFrameModalPopup</CommandType>
				<PopupTitle>{IbnFramework.Common:EntityProfileNew}</PopupTitle>
				<Url>~/Apps/MetaUIEntity/Pages/ProfileEdit.aspx?className=[ClientParam:ClassName]&amp;placeName=EntityList&amp;showGrouping=0&amp;showFilters=1&amp;commandName=MC_MUI_NeedToDataBind&amp;isSystem=1</Url>
				<Width>590</Width>
				<Height>390</Height>
				<Top>15</Top>
				<Drag>True</Drag>
			</Command>

			<Command id="MC_MUI_NeedToDataBind">
				<CommandType>ServerAction</CommandType>
				<Handler>Mediachase.Ibn.Web.UI.MetaUIEntity.CommandHandlers.NeedToDataBindHandler, Mediachase.UI.Web</Handler>
			</Command>

			<Command id="MC_MUI_ExportTrue">
				<CommandType>ServerAction</CommandType>
				<Handler>Mediachase.Ibn.Web.UI.MetaUIEntity.CommandHandlers.EntityListExport, Mediachase.UI.Web</Handler>
			</Command>
		</add>
	</Commands>
</ListViewUI>