<SpreadSheet>
	<Template>
		<Name>Profit and loss statement</Name>
		<Description>Two groups exist: revenues (Net sales, Rent revenue, Interest revenue) and expenses (Cost of goods sold,  Selling expenses, Administrative expenses, Interest expense). Expenses are deducted from revenues to get net income.</Description>
		<Rows>
			<Block Id="NetSales" Name="Net sales" CanAddRow="True" NewRowDefaultName="New item" ReadOnly="True">
			</Block>
			<Block Id="RentRevenue" Name="Rent revenue" CanAddRow="True" NewRowDefaultName="New item" ReadOnly="True">
			</Block>
			<Block Id="InterestRevenue" Name="Interest revenue" CanAddRow="True" NewRowDefaultName="New item" ReadOnly="True">
			</Block>
			<Row Id="TotalRevenue" Name="Total revenue" ReadOnly="True" Expression="[NetSales]+[RentRevenue]+[InterestRevenue]"/>
			
			<Row Id="Space1" Name="" ReadOnly="True" />
			
			<Block Id="CostOfGoodsSold" Name="Cost of goods sold" CanAddRow="True" NewRowDefaultName="New item" ReadOnly="True">
			</Block>
			<Block Id="SellingExpenses" Name="Selling expenses" CanAddRow="True" NewRowDefaultName="New item" ReadOnly="True">
			</Block>
			<Block Id="AdministrativeExpenses" Name="Administrative expenses" CanAddRow="True" NewRowDefaultName="New item" ReadOnly="True">
			</Block>
			<Block Id="InterestExpense" Name="Interest expense" CanAddRow="True" NewRowDefaultName="New item" ReadOnly="True">
			</Block>
			<Row Id="TotalExpense" Name="Total expense" ReadOnly="True" Expression="[CostOfGoodsSold]+[SellingExpenses]+[AdministrativeExpenses]+[InterestExpense]"/>
			
			<Row Id="Space2" Name="" ReadOnly="True" />

			<Row Id="IncomeBeforeTaxes" Name="Income before taxes" ReadOnly="True" Expression="[TotalRevenue]-[TotalExpense]"/>
			<Row Id="IncomeTaxes" Name="Income taxes" ReadOnly="False"/>
			
			<Row Id="Space3" Name="" ReadOnly="True" />
			
			<Row Id="NetIncome" Name="Net income" ReadOnly="True" Expression="[IncomeBeforeTaxes]-[IncomeTaxes]"/>
			
		</Rows>
	</Template>
</SpreadSheet>