﻿<?xml version="1.0" encoding="utf-8" ?>
<ListViewProfile xmlns:xsi="http://www.w3.org/2001/XMLSchema-instance" xmlns:xsd="http://www.w3.org/2001/XMLSchema">
	<Id>{6B7A97C3-D76F-437b-B8F8-CAF4CD9D4CCF}</Id>
	<Name>GoogleGadget</Name>
	<IsSystem>true</IsSystem>
	<IsPublic>true</IsPublic>
	<FieldSetName>GoogleGadget</FieldSetName>
	<FieldSet>
		<string>Title</string>
		<string>Description</string>
	</FieldSet>
	<Filters>
		<!--<FilterElement>
			<Source>IsTemplate</Source>
			<Type>Equal</Type>
			<Value xsi:type="xsd:string">False</Value>
			<ValueIsTemplate>false</ValueIsTemplate>
		</FilterElement>-->
	</Filters>
	<ColumnsUI>
		<Column field="Title" width="200" />
		<Column field="Description" width="200" />
	</ColumnsUI>
</ListViewProfile>