﻿<?xml version="1.0" encoding="utf-8" ?>
<ListViewUI>
	<Toolbar>
		<clear/>
		<add>
			<Button id="AddButton" text="{IbnFramework.Common:tAddEntities}" imageUrl="~/Layouts/Images/addselected.gif" commandName="MC_MUI_AddSelected" itemSplitter="Right"></Button>
			<Button id="DeleteSelectedButton" text="{IbnFramework.Common:DeleteSelected}" imageUrl="~/Images/IbnFramework/delete.gif" commandName="MC_MUI_DeleteSelected" itemSplitter="Right"></Button>
		</add>
	</Toolbar>
	<Grid>
		<clear/>
	</Grid>
	<Commands>
		<clear/>
		<add>
			<Command id="MC_MUI_AddSelected">
				<CommandType>OpenFrameModalPopup</CommandType>
				<PopupTitle>{IbnFramework.Common:SearchObjects}</PopupTitle>
				<Url>~/Apps/MetaUIEntity/Pages/EntitySelect.aspx?Classes=Principal&amp;refreshName=SelectItems_Refresh&amp;ReturnCommand=MC_MUI_AddSelected&amp;MultipleSelect=1&amp;ProfileName=FindUsersForProfile&amp;ProfileId={QueryString:ObjectId}</Url>
				<Width>640</Width>
				<Height>480</Height>
				<Left>100</Left>
				<Top>50</Top>
				<Drag>True</Drag>
			</Command>
			<Command id="MC_MUI_DeleteSelected">
				<CommandType>ServerAction</CommandType>
				<ConfirmationText>{IbnFramework.Common:DeleteSelectedItemsConfirmation}</ConfirmationText>
				<EnableHandler>Mediachase.Ibn.Web.UI.Administration.CommandHandlers.DeleteCustomizationProfileUserEnableHandler, Mediachase.UI.Web</EnableHandler>
				<Handler>Mediachase.Ibn.Web.UI.MetaUIEntity.CommandHandlers.DeleteSelectedBridgeEntityHandler, Mediachase.UI.Web</Handler>
			</Command>
			<Command id="MC_MUI_RefN_NeedToDataBind">
				<CommandType>ServerAction</CommandType>
				<Handler>Mediachase.Ibn.Web.UI.MetaUIEntity.CommandHandlers.NeedToDataBindHandler, Mediachase.UI.Web</Handler>
			</Command>
		</add>
	</Commands>
</ListViewUI>