﻿<?xml version="1.0"?>
<Table xmlns:xsi="http://www.w3.org/2001/XMLSchema-instance" xmlns:xsd="http://www.w3.org/2001/XMLSchema" width="100%" columns="50%;*" cellPadding="5" xmlns="TableLayout">
	<Row>
		<Cell colSpan="2" name="cell_11">
			<Section uid="5b050c2220224b03a2c60baa5286b482" borderType="0" showLabel="false" itemIndex="1">
				<Labels>
					<Label title="{IbnFramework.Document:DocumentContentVersion}" code="ru-RU" />
				</Labels>
				<Control controlType="SmartTableLayout" width="100%" uid="22662e29dcb743fca9f96d1d0a832b3b" cellPadding="5" columns="*">
					<Item rowIndex="1" cellIndex="1" rowSpan="1" colSpan="1" borderType="0" showLabel="true" labelWidth="120px" uid="0312bffbe85a403bb9135866ec12c952">
						<Labels>
							<Label title="[MC_DefaultLabel]" code="ru-RU" />
						</Labels>
						<Control controlType="MetaPrimitive" source="File" readOnly="False" uid="7a7dc3136e634c8bb64edd15427a994e" />
					</Item>
					<Item rowIndex="2" cellIndex="1" rowSpan="2" colSpan="1" borderType="0" showLabel="true" labelWidth="120px" uid="1084013736c9417dadf291f8cdf0a504">
						<Labels>
							<Label title="[MC_DefaultLabel]" code="ru-RU" />
						</Labels>
						<Control controlType="MetaPrimitive" source="Note" readOnly="False" uid="5ca810bada5e45e6a11387e09397f92b" />
					</Item>
				</Control>
			</Section>
		</Cell>
	</Row>
	<Row>
		<Cell colSpan="1" name="cell_21" />
		<Cell colSpan="1" name="cell_22" />
	</Row>
	<Row>
		<Cell colSpan="2" name="cell_31" />
	</Row>
</Table>