﻿<?xml version="1.0" encoding="utf-8" ?>
<MetaView>
	<Toolbar>
		<add beforeId="DeleteSelectedButton">
			<SplitButton id="AddSplitButton" text="{IbnFramework.TimeTracking:_mc_Add}" imageUrl="~/Images/IbnFramework/tt_new.gif" commandName="MC_TimeTracking_QuickAddManagerFrame">
				<Button id="AddButton" text="{IbnFramework.TimeTracking:_mc_QuickAdd}" commandName="MC_TimeTracking_QuickAddManagerFrame"></Button>
				<Button id="MultipleAddButton" text="{IbnFramework.TimeTracking:_mc_MultipleAdd}" commandName="MC_TimeTracking_MultipleAddFrame"></Button>
			</SplitButton>
			<Splitter id="AddSplitButtonSplitter"></Splitter>
		</add>
		<add>
			<Splitter align="Right" id="ReportButtonSplitter"></Splitter>
			<SplitButton align="Right" id="ReportSplitButton" text="{IbnFramework.TimeTracking:_mc_Report}" imageUrl="~/Images/IbnFramework/Planner2.gif" commandName="MC_TimeTracking_ManagerReports">
				<Button id="ReportButton" text="{IbnFramework.TimeTracking:GeneralReport}" imageUrl="~/Images/IbnFramework/Planner2.gif" commandName="MC_TimeTracking_ManagerReports"></Button>
				<Button id="ProjectReportButton" text="{IbnFramework.TimeTracking:ProjectReport}" imageUrl="~/Images/IbnFramework/Project-2.png" commandName="MC_TimeTracking_ProjectReport"></Button>
				<Button id="FinanceProjectReportButton" text="{IbnFramework.TimeTracking:FinanceReport}" imageUrl="~/Images/IbnFramework/Project.png" commandName="MC_TimeTracking_FinanceProjectReport"></Button>
			</SplitButton>
			<Button align="Right" id="ExportButton" text="{IbnFramework.TimeTracking:Export}" imageUrl="~/Images/IbnFramework/xlsExport.gif" commandName="MC_TimeTracking_ExcelExport"></Button>
		</add>
	</Toolbar>
	<Grid>
		<add>
			<CustomColumns>					 
				<Column id="340EBEB0-9E28-4ca2-A695-2A81626D0650" type="ColumnsActions">
					<Item imageUrl="~/Images/IbnFramework/info.gif" width="18"  commandName="MC_TimeTracking_InfoFrame" paddingRight="5" tooltip="{IbnFramework.TimeTracking:_mc_Details}" text="{IbnFramework.TimeTracking:_mc_Details}" />
					<Item imageUrl="~/Images/IbnFramework/Update2.gif" width="18" commandName="MC_TimeTracking_ChangeStateManagerFrame" paddingRight="5" tooltip="{IbnFramework.TimeTracking:_mc_ChangeListState}"  text="{IbnFramework.TimeTracking:_mc_ChangeListState}"/>
				</Column>
			</CustomColumns>
		</add>
	</Grid>
	<Schema>
		<add>
			<Namespace />
			<Name>TT_ManagerGroupByProjectUser</Name>
			<FriendlyName>Итоговый отчет для менеджера (по проектам, по пользователям)</FriendlyName>
			<MetaClass>TimeTrackingEntry</MetaClass>
			<Attributes>
				<Attr>
					<Name>ShowFilters</Name>
					<Type>System.Boolean, mscorlib</Type>
					<Value>
						<boolean>true</boolean>
					</Value>
				</Attr>
				<Attr>
					<Name>ShowGroups</Name>
					<Type>System.Boolean, mscorlib</Type>
					<Value>
						<boolean>false</boolean>
					</Value>
				</Attr>
				<Attr>
					<Name>ShowDetails</Name>
					<Type>System.Boolean, mscorlib</Type>
					<Value>
						<boolean>true</boolean>
					</Value>
				</Attr>
				<Attr>
					<Name>DetailsHorizontal</Name>
					<Type>System.Boolean, mscorlib</Type>
					<Value>
						<boolean>true</boolean>
					</Value>
				</Attr>
				<Attr>
					<Name>ClientSorting</Name>
					<Type>System.Boolean, mscorlib</Type>
					<Value>
						<boolean>true</boolean>
					</Value>
				</Attr>
				<Attr>
					<Name>ColumnChangeOrder</Name>
					<Type>System.Boolean, mscorlib</Type>
					<Value>
						<boolean>true</boolean>
					</Value>
				</Attr>
				<Attr>
					<Name>FormFilterName</Name>
					<Type>System.String, mscorlib</Type>
					<Value>
						<string>TTEntryFilter</string>
					</Value>
				</Attr>
			</Attributes>
			<AvailableFields>Day1</AvailableFields>
			<AvailableFields>Day2</AvailableFields>
			<AvailableFields>Day3</AvailableFields>
			<AvailableFields>Day4</AvailableFields>
			<AvailableFields>Day5</AvailableFields>
			<AvailableFields>Day6</AvailableFields>
			<AvailableFields>Day7</AvailableFields>
			<AvailableFields>Title</AvailableFields>
			<AvailableFields>DayT</AvailableFields>
			<AvailableFields>AreFinancesRegistered</AvailableFields>
			<AvailableFields>StateFriendlyName</AvailableFields>
			<Filters  xmlns:xsi="http://www.w3.org/2001/XMLSchema-instance" xmlns:xsd="http://www.w3.org/2001/XMLSchema">
				<FilterElement>
					<Uid>2367ebf5-a976-42ee-afc2-740ec97dd73e</Uid>
					<Source>ParentBlockId</Source>
					<Type>In</Type>
					<Value xsi:type="xsd:string">{TimeTrackingSecurity:CanRead}</Value>
					<ValueIsTemplate>true</ValueIsTemplate>
				</FilterElement>
			</Filters>
			<Sorting>
				<ArrayOfSortingElementCollection>
					<SortingElementCollection>
						<ArrayOfSortingElement>
							<SortingElement>
								<Source>ParentBlockId</Source>
								<Type>Asc</Type>
							</SortingElement>
						</ArrayOfSortingElement>
					</SortingElementCollection>
				</ArrayOfSortingElementCollection>
			</Sorting>
		</add>
	</Schema>
	<DefaultPreference>
		<add>
			<HidenFields />
			<Attributes>
				<Attr>
					<Name>Title:AreFinancesRegistered</Name>
					<Type>System.Int32, mscorlib</Type>
					<Value>
						<int>1</int>
					</Value>
				</Attr>
				<Attr>
					<Name>Title:Index</Name>
					<Type>System.Int32, mscorlib</Type>
					<Value>
						<int>2</int>
					</Value>
				</Attr>
				<Attr>
					<Name>Day1:Index</Name>
					<Type>System.Int32, mscorlib</Type>
					<Value>
						<int>3</int>
					</Value>
				</Attr>
				<Attr>
					<Name>Day2:Index</Name>
					<Type>System.Int32, mscorlib</Type>
					<Value>
						<int>4</int>
					</Value>
				</Attr>
				<Attr>
					<Name>Day3:Index</Name>
					<Type>System.Int32, mscorlib</Type>
					<Value>
						<int>5</int>
					</Value>
				</Attr>
				<Attr>
					<Name>Day4:Index</Name>
					<Type>System.Int32, mscorlib</Type>
					<Value>
						<int>6</int>
					</Value>
				</Attr>
				<Attr>
					<Name>Day5:Index</Name>
					<Type>System.Int32, mscorlib</Type>
					<Value>
						<int>7</int>
					</Value>
				</Attr>
				<Attr>
					<Name>Day6:Index</Name>
					<Type>System.Int32, mscorlib</Type>
					<Value>
						<int>8</int>
					</Value>
				</Attr>
				<Attr>
					<Name>Day7:Index</Name>
					<Type>System.Int32, mscorlib</Type>
					<Value>
						<int>9</int>
					</Value>
				</Attr>
				<Attr>
					<Name>DayT:Index</Name>
					<Type>System.Int32, mscorlib</Type>
					<Value>
						<int>10</int>
					</Value>
				</Attr>
				<Attr>
					<Name>StateFriendlyName:Index</Name>
					<Type>System.Int32, mscorlib</Type>
					<Value>
						<int>11</int>
					</Value>
				</Attr>
				<Attr>
					<Name>AreFinancesRegistered:Width</Name>
					<Type>System.Int32, mscorlib</Type>
					<Value>
						<int>25</int>
					</Value>
				</Attr>
				<Attr>
					<Name>BlockTypeInstance:Width</Name>
					<Type>System.Int32, mscorlib</Type>
					<Value>
						<int>300</int>
					</Value>
				</Attr>
				<Attr>
					<Name>BlockTypeInstanceId:Width</Name>
					<Type>System.Int32, mscorlib</Type>
					<Value>
						<int>300</int>
					</Value>
				</Attr>
				<Attr>
					<Name>Card:Width</Name>
					<Type>System.Int32, mscorlib</Type>
					<Value>
						<int>300</int>
					</Value>
				</Attr>
				<Attr>
					<Name>Created:Width</Name>
					<Type>System.Int32, mscorlib</Type>
					<Value>
						<int>300</int>
					</Value>
				</Attr>
				<Attr>
					<Name>CreatorId:Width</Name>
					<Type>System.Int32, mscorlib</Type>
					<Value>
						<int>300</int>
					</Value>
				</Attr>
				<Attr>
					<Name>Day1:Width</Name>
					<Type>System.Int32, mscorlib</Type>
					<Value>
						<int>65</int>
					</Value>
				</Attr>
				<Attr>
					<Name>Day2:Width</Name>
					<Type>System.Int32, mscorlib</Type>
					<Value>
						<int>65</int>
					</Value>
				</Attr>
				<Attr>
					<Name>Day3:Width</Name>
					<Type>System.Int32, mscorlib</Type>
					<Value>
						<int>65</int>
					</Value>
				</Attr>
				<Attr>
					<Name>Day4:Width</Name>
					<Type>System.Int32, mscorlib</Type>
					<Value>
						<int>65</int>
					</Value>
				</Attr>
				<Attr>
					<Name>Day5:Width</Name>
					<Type>System.Int32, mscorlib</Type>
					<Value>
						<int>65</int>
					</Value>
				</Attr>
				<Attr>
					<Name>Day6:Width</Name>
					<Type>System.Int32, mscorlib</Type>
					<Value>
						<int>65</int>
					</Value>
				</Attr>
				<Attr>
					<Name>Day7:Width</Name>
					<Type>System.Int32, mscorlib</Type>
					<Value>
						<int>65</int>
					</Value>
				</Attr>
				<Attr>
					<Name>DayT:Width</Name>
					<Type>System.Int32, mscorlib</Type>
					<Value>
						<int>65</int>
					</Value>
				</Attr>
				<Attr>
					<Name>IsRejected:Width</Name>
					<Type>System.Int32, mscorlib</Type>
					<Value>
						<int>300</int>
					</Value>
				</Attr>
				<Attr>
					<Name>Modified:Width</Name>
					<Type>System.Int32, mscorlib</Type>
					<Value>
						<int>300</int>
					</Value>
				</Attr>
				<Attr>
					<Name>ModifierId:Width</Name>
					<Type>System.Int32, mscorlib</Type>
					<Value>
						<int>300</int>
					</Value>
				</Attr>
				<Attr>
					<Name>ObjectId:Width</Name>
					<Type>System.Int32, mscorlib</Type>
					<Value>
						<int>300</int>
					</Value>
				</Attr>
				<Attr>
					<Name>ObjectTypeId:Width</Name>
					<Type>System.Int32, mscorlib</Type>
					<Value>
						<int>300</int>
					</Value>
				</Attr>
				<Attr>
					<Name>Owner:Width</Name>
					<Type>System.Int32, mscorlib</Type>
					<Value>
						<int>300</int>
					</Value>
				</Attr>
				<Attr>
					<Name>OwnerId:Width</Name>
					<Type>System.Int32, mscorlib</Type>
					<Value>
						<int>300</int>
					</Value>
				</Attr>
				<Attr>
					<Name>ParentBlock:Width</Name>
					<Type>System.Int32, mscorlib</Type>
					<Value>
						<int>300</int>
					</Value>
				</Attr>
				<Attr>
					<Name>ParentBlockId:Width</Name>
					<Type>System.Int32, mscorlib</Type>
					<Value>
						<int>300</int>
					</Value>
				</Attr>
				<Attr>
					<Name>Rate:Width</Name>
					<Type>System.Int32, mscorlib</Type>
					<Value>
						<int>300</int>
					</Value>
				</Attr>
				<Attr>
					<Name>StartDate:Width</Name>
					<Type>System.Int32, mscorlib</Type>
					<Value>
						<int>300</int>
					</Value>
				</Attr>
				<Attr>
					<Name>StateFriendlyName:Width</Name>
					<Type>System.Int32, mscorlib</Type>
					<Value>
						<int>250</int>
					</Value>
				</Attr>
				<Attr>
					<Name>TimeTrackingEntryId:Width</Name>
					<Type>System.Int32, mscorlib</Type>
					<Value>
						<int>300</int>
					</Value>
				</Attr>
				<Attr>
					<Name>Title:Width</Name>
					<Type>System.Int32, mscorlib</Type>
					<Value>
						<int>250</int>
					</Value>
				</Attr>
				<Attr>
					<Name>TotalApproved:Width</Name>
					<Type>System.Int32, mscorlib</Type>
					<Value>
						<int>300</int>
					</Value>
				</Attr>
				<Attr>
					<Name>MarginTop</Name>
					<Type>System.Int32, mscorlib</Type>
					<Value>
						<int>10</int>
					</Value>
				</Attr>
				<Attr>
					<Name>MarginLeft</Name>
					<Type>System.Int32, mscorlib</Type>
					<Value>
						<int>10</int>
					</Value>
				</Attr>
				<Attr>
					<Name>MarginRight</Name>
					<Type>System.Int32, mscorlib</Type>
					<Value>
						<int>10</int>
					</Value>
				</Attr>
				<Attr>
					<Name>MarginBottom</Name>
					<Type>System.Int32, mscorlib</Type>
					<Value>
						<int>150</int>
					</Value>
				</Attr>
				<Attr>
					<Name>PageSize</Name>
					<Type>System.Int32, mscorlib</Type>
					<Value>
						<int>-1</int>
					</Value>
				</Attr>
			</Attributes>
			<Filters />
		</add>
	</DefaultPreference>
</MetaView>