﻿<?xml version="1.0" encoding="utf-8" ?>
<ListViewProfile xmlns:xsi="http://www.w3.org/2001/XMLSchema-instance" xmlns:xsd="http://www.w3.org/2001/XMLSchema">
	<Id>VersionsByDocument</Id>
	<Name>VersionsByDocument</Name>
	<IsSystem>true</IsSystem>
	<IsPublic>true</IsPublic>
	<FieldSet>
		<string>Index</string>
		<string>File</string>
		<string>State</string>
		<string>Note</string>
	</FieldSet>
	<GroupByFieldName></GroupByFieldName>
	<Filters>
		<FilterElement>
			<Source>OwnerDocumentId</Source>
			<Type>Equal</Type>
			<Value xsi:type="xsd:string">{QueryString:ObjectId}</Value>
			<ValueIsTemplate>true</ValueIsTemplate>
		</FilterElement>
	</Filters>
	<Sorting>
		<ArrayOfSortingElement>
			<SortingElement>
				<Source>Index</Source>
				<Type>Desc</Type>
			</SortingElement>
		</ArrayOfSortingElement>
	</Sorting>
	<ColumnsUI>
		<Column field="Index" width="20px" />
		<Column field="File" width="30%" />
		<Column field="State" width="40%" />
		<Column field="Note" width="30%" />
	</ColumnsUI>
</ListViewProfile>