﻿<?xml version="1.0"?>
<Table xmlns:xsi="http://www.w3.org/2001/XMLSchema-instance" xmlns:xsd="http://www.w3.org/2001/XMLSchema" width="100%" columns="50%;*" cellPadding="5" xmlns="TableLayout">
	<Row>
		<Cell colSpan="2" name="cell_11">
			<Section uid="97a416abf4664a33be9f597bf4c1a556" borderType="0" showLabel="false" itemIndex="1">
				<Labels>
					<Label title="{IbnFramework.Calendar:CalendarEvent}" code="ru-RU" />
				</Labels>
				<Control controlType="SmartTableLayout" width="100%" uid="047769879b724cfc8e7af8fc48cc5c76" cellPadding="5" columns="*">
					<Item rowIndex="1" cellIndex="1" rowSpan="1" colSpan="1" borderType="0" showLabel="true" labelWidth="120px" uid="45d49f5f87414c1fab52ed7fa59c1e60">
						<Labels>
							<Label title="[MC_DefaultLabel]" code="ru-RU" />
						</Labels>
						<Control controlType="MetaPrimitive" source="Subject" readOnly="False" uid="a678e611ce0a4d5494fa3f87c8d374f7" />
					</Item>
				</Control>
			</Section>
		</Cell>
	</Row>
	<Row>
		<Cell colSpan="1" name="cell_21" />
		<Cell colSpan="1" name="cell_22" />
	</Row>
	<Row>
		<Cell colSpan="2" name="cell_31" />
	</Row>
</Table>