﻿<?xml version="1.0" encoding="utf-8" ?>
<ListViewProfile xmlns:xsi="http://www.w3.org/2001/XMLSchema-instance" xmlns:xsd="http://www.w3.org/2001/XMLSchema">
	<Id>CalendarEventResourcesAll</Id>
	<Name>CalendarEventResourcesAll</Name>
	<IsSystem>true</IsSystem>
	<IsPublic>true</IsPublic>
	<FieldSet>
		<string>Name</string>
		<string>Status</string>
	</FieldSet>
	<GroupByFieldName></GroupByFieldName>
	<Filters>
		<FilterElement>
			<Source>EventId</Source>
			<Type>Equal</Type>
			<Value xsi:type="xsd:string">{QueryString:ObjectId}</Value>
			<ValueIsTemplate>true</ValueIsTemplate>
		</FilterElement>
	</Filters>
	<ColumnsUI>
		<Column field="Name" width="300" />
		<Column field="Status" width="200" />
	</ColumnsUI>
</ListViewProfile>