﻿<?xml version="1.0" encoding="utf-8" ?>
<MetaView>
	<Toolbar>
	</Toolbar>
	<Grid>
		<add>
			<CustomColumns id="PM_Columns" primaryKey="ItemId">
				<Column id="colTitle" type="default" width="100%" title="{IbnFramework.Project:PrjTitle}" sortExpression="ItemId" templateUrl="~/Apps/Shell/ColumnTemplates/ToDo.Title.ascx" />
				<Column id="colManager" type="default" width="140px" title="{IbnFramework.Project:Manager}" sortExpression="ManagerId" templateUrl="~/Apps/Shell/ColumnTemplates/ToDo.ManagerStatus.ascx" />
				<Column id="colFinishDate" type="default" width="80px" title="{IbnFramework.Task:DueDate}" sortExpression="FinishDate" templateUrl="~/Apps/Shell/ColumnTemplates/ToDo.FinishDate.ascx" />
			</CustomColumns>
		</add>
	</Grid>
	<Commands>
	</Commands>
</MetaView>