﻿<?xml version="1.0" encoding="utf-8" ?>
<MetaView>
	<Toolbar>
	</Toolbar>
	<Grid>
		<add>
			<CustomColumns id="PM_Columns">
				<Column id="colOperation" type="default" width="40%" title="{IbnFramework.BPM:Operation}" sortExpression="Operation" templateUrl="~/Apps/Shell/ColumnTemplates/BPMAssignment.Operation.ascx" />
				<Column id="colProcess" type="default" width="30%" title="{IbnFramework.BPM:Process}" sortExpression="Process" templateUrl="~/Apps/Shell/ColumnTemplates/BPMAssignment.Process.ascx" />
				<Column id="colCreationDate" type="default" width="120px" title="{IbnFramework.BPM:StartDate}" sortExpression="CreationDate"  templateUrl="~/Apps/Shell/ColumnTemplates/BPMAssignment.CreationDate.ascx" />
				<Column id="colFinishDate" type="default" width="120px" title="{IbnFramework.BPM:DEadLine}" sortExpression="FinishDate" templateUrl="~/Apps/Shell/ColumnTemplates/BPMAssignment.Finishdate.ascx" />
				<Column id="colOverdue" type="default" width="70px" title="{IbnFramework.BPM:Overdue}" sortExpression="Overdue" templateUrl="~/Apps/Shell/ColumnTemplates/BPMAssignment.Overdue.ascx" />
				<Column id="colLinkObject" type="default" width="30%" title="{IbnFramework.BPM:LinkObject}"  templateUrl="~/Apps/Shell/ColumnTemplates/BPMAssignment.LinkObject.ascx" />
			</CustomColumns>
		</add>
	</Grid>
	<Commands>
	</Commands>
</MetaView>
