﻿<?xml version="1.0"?>
<Table xmlns:xsi="http://www.w3.org/2001/XMLSchema-instance" xmlns:xsd="http://www.w3.org/2001/XMLSchema" width="100%" columns="50%;*" cellPadding="5" xmlns="TableLayout">
	<Row>
		<Cell colSpan="2" name="cell_11">
			<Section uid="51cd5e3e97804a5a97ecd8a5774940d0" borderType="1" showLabel="true" itemIndex="1">
				<Labels>
					<Label title="{IbnFramework.Profile:PortalProfile}" code="ru-RU" />
				</Labels>
				<Control controlType="SmartTableLayout" width="100%" uid="e9015951d2b64069a120c0a2038e7c66" cellPadding="5" columns="*">
					<Item rowIndex="1" cellIndex="1" rowSpan="1" colSpan="1" borderType="0" showLabel="true" labelWidth="120px" uid="773c7f53a47e4df294853ea948c35369">
						<Labels>
							<Label title="[MC_DefaultLabel]" code="ru-RU" />
						</Labels>
						<Control controlType="MetaPrimitive" source="Name" readOnly="False" uid="0edd33a510bd469a8e91180ff71f94c8" />
					</Item>
				</Control>
			</Section>
		</Cell>
	</Row>
	<Row>
		<Cell colSpan="1" name="cell_21" />
		<Cell colSpan="1" name="cell_22" />
	</Row>
	<Row>
		<Cell colSpan="2" name="cell_31" />
	</Row>
</Table>
