﻿<?xml version="1.0" encoding="utf-8" ?>
<MetaView>
	<Toolbar>
	</Toolbar>
	<Grid>
	</Grid>
	<Commands>
		<add>
			<Command id="MC_BPM_ActivityRes">
			<CommandType>OpenFrameModalPopup</CommandType>
			<PopupTitle>{IbnFramework.Project:ToDoRes}</PopupTitle>
			<RefreshMethod>RefreshPage</RefreshMethod>
			<Url>~/APPS/BPM/ResourceEditor.aspx?Users=[ClientParam:Users]</Url>
			<Width>670</Width>
			<Height>382</Height>
			<Left>100</Left>
			<Top>50</Top>
			<Drag>True</Drag>
			</Command>
		</add>
	</Commands>
</MetaView>
