﻿<?xml version="1.0" encoding="utf-8" ?>
<ListViewProfile xmlns:xsi="http://www.w3.org/2001/XMLSchema-instance" xmlns:xsd="http://www.w3.org/2001/XMLSchema">
	<Id>{07F5861C-A1F8-4d1c-A142-77A41DEF25B1}</Id>
	<Name>{IbnFramework.Incident:ResponsibleSet}</Name>
	<IsSystem>true</IsSystem>
	<IsPublic>true</IsPublic>
	<FieldSetName>IncidentsDefault</FieldSetName>
	<GroupByFieldName>IssueBox</GroupByFieldName>
	<Filters>
		<FilterElement>
			<Source>IncidentResponsibleId</Source>
			<ValueIsTemplate>true</ValueIsTemplate>
			<Value xsi:type="xsd:string">{Security:CurrentUserId}</Value>
		</FilterElement>
		<FilterElement>
			<Source>IncidentStatusId</Source>
			<Value xsi:type="xsd:string">-1</Value>
		</FilterElement>
	</Filters>
</ListViewProfile>