﻿<?xml version="1.0" encoding="utf-8" ?>
<ListViewProfile xmlns:xsi="http://www.w3.org/2001/XMLSchema-instance" xmlns:xsd="http://www.w3.org/2001/XMLSchema">
	<Id>{7BC7C3DD-3FE8-45b8-942A-AB76293FE2B7}</Id>
	<Name>{IbnFramework.Incident:ManagerSet}</Name>
	<IsSystem>true</IsSystem>
	<IsPublic>true</IsPublic>
	<FieldSetName>IncidentsDefault</FieldSetName>
	<GroupByFieldName>IssueBox</GroupByFieldName>
	<Filters>
		<FilterElement>
			<Source>IncidentManagerId</Source>
			<ValueIsTemplate>true</ValueIsTemplate>
			<Value xsi:type="xsd:string">{Security:CurrentUserId}</Value>
		</FilterElement>
		<FilterElement>
			<Source>IncidentStatusId</Source>
			<Value xsi:type="xsd:string">-1</Value>
		</FilterElement>
	</Filters>
</ListViewProfile>