﻿<?xml version="1.0" encoding="utf-8" ?>
<ListViewProfile xmlns:xsi="http://www.w3.org/2001/XMLSchema-instance" xmlns:xsd="http://www.w3.org/2001/XMLSchema">
	<Id>{886E4F50-2C85-4f98-B542-9219391F2420}</Id>
	<Name>{IbnFramework.Incident:ClosedIssues}</Name>
	<IsSystem>true</IsSystem>
	<IsPublic>true</IsPublic>
	<FieldSetName>IncidentsDefault</FieldSetName>
	<GroupByFieldName>IssueBox</GroupByFieldName>
	<Filters>
		<FilterElement>
			<Source>IncidentStatusId</Source>
			<Value xsi:type="xsd:string">-2</Value>
		</FilterElement>
	</Filters>
</ListViewProfile>