﻿<?xml version="1.0" encoding="utf-8" ?>
<!-- Toolbar for OrganizationView page -->
<ListViewUI>
	<Toolbar>
		<clear />
		<add>
			<Text text="{IbnFramework.Client:OrganizationInfo}"	cssClass="ibn-WPTitle"></Text>
			<Menu id="ActionsMenu" text="{IbnFramework.Global:_mc_Actions}" align="Right">
				<Button id="EditButton" text="{IbnFramework.Common:Edit}"  imageUrl="~/Images/IbnFramework/edit.gif" tooltip="{IbnFramework.Common:Edit}" align="Right" commandName="Organization_Edit" ></Button>
				<Button id="DeleteButton" text="{IbnFramework.Common:Delete}" imageUrl="~/Images/IbnFramework/delete.gif" commandName="Organization_DeletePopup"></Button>
				<Button id="FavoritesButton" text="{IbnFramework.Common:AddToFavorites}" imageUrl="~/layouts/images/Favorites.gif" commandName="Organization_AddToFavorites"></Button>
				<Button id="ListButton" text="{IbnFramework.Client:Organizations}" imageUrl="~/Images/IbnFramework/cancel.gif" tooltip="{IbnFramework.Client:Contacts}" align="Right" commandName="Organization_List" ></Button>
			</Menu>
		</add>
	</Toolbar>
	<Commands>
		<add>
			<Command id="Organization_Edit">
				<CommandType>Navigate</CommandType>
				<Url>~/Apps/MetaUIEntity/Pages/EntityEdit.aspx?ClassName=Organization&amp;ObjectId={QueryString:ObjectId}&amp;back=view</Url>
			</Command>
			<Command id="Organization_List">
				<CommandType>Navigate</CommandType>
				<Url>~/Apps/MetaUIEntity/Pages/EntityList.aspx?ClassName=Organization</Url>
			</Command>
			<Command id="Organization_DeletePopup">
				<CommandType>OpenFrameModalPopup</CommandType>
				<DependCommand>Organization_Delete</DependCommand>
				<PopupTitle>{IbnFramework.Common:Deleting}</PopupTitle>
				<Url>~/Apps/ClientManagement/Pages/OrgItemsDeleteConfirm.aspx?ObjectId={QueryString:ObjectId}</Url>
				<Width>350</Width>
				<Height>200</Height>
				<Top>50</Top>
				<Drag>True</Drag>
			</Command>
 			<Command id="Organization_Delete">
				<CommandType>ServerAction</CommandType>
				<Handler>Mediachase.Ibn.Web.UI.ClientManagement.CommandHandlers.DeleteOrgHandler, Mediachase.UI.Web</Handler>
			</Command>
			<Command id="Organization_AddToFavorites">
				<CommandType>ServerAction</CommandType>
				<EnableHandler>Mediachase.Ibn.Web.UI.MetaUIEntity.CommandHandlers.AddToFavoritesEnableHandler, Mediachase.UI.Web</EnableHandler>
				<Handler>Mediachase.Ibn.Web.UI.MetaUIEntity.CommandHandlers.AddToFavoritesHandler, Mediachase.UI.Web</Handler>
			</Command>
		</add>
	</Commands>
</ListViewUI>