﻿<?xml version="1.0" encoding="utf-8" ?>
<MetaView>
	<Toolbar>
		<add>
		</add>
	</Toolbar>
	<Grid>
		<add>
			<CustomColumns id="ToDo_SelectObject_Columns" primaryKey="ToDoId">
				<Column id="colId" type="default" width="50" title="{IbnFramework.Incident:IssCode}" sortExpression="ToDoId" templateUrl="~/Apps/ProjectManagement/ColumnTemplates/Text.Grid.ToDo.ToDoId.SelectObject.ascx" />
				<Column id="colTitle" type="default" width="250" title="{IbnFramework.Incident:IssTitle}" sortExpression="Title" templateUrl="~/Apps/ProjectManagement/ColumnTemplates/Text.Grid.ToDo.Title.SelectObject.ascx" />
				<Column id="colProject" type="default" width="200" title="{IbnFramework.Global:_mc_Project}" sortExpression="ProjectTitle" templateUrl="~/Apps/ProjectManagement/ColumnTemplates/Text.Grid.ToDo.ProjectTitle.SelectObject.ascx" />
			</CustomColumns>
			<GridAction commandName="MC_ToDo_SelectDoubleClickHandler" eventName="OnDblClick"></GridAction>
		</add>
	</Grid>
	<Commands>
		<add>
			<Command id="MC_ToDo_SelectDoubleClickHandler">
				<CommandType>ClientAction</CommandType>
				<ClientScript>CheckSelected()</ClientScript>
			</Command>
		</add>
	</Commands>
</MetaView>